1;A;DET;whistle;ADJ;blows;NOUN
1;Ahh;INT;that;DET;feels;VERB;wonderful;NOUN
1;Alas;INT;I’m;NOUN;lost;VERB;in;ADP;the;DET;wilderness;NOUN
1;Bah;INT;That;DET;was;VERB;a;DET;total;ADJ;waste;NOUN;of;ADP;time;NOUN
1;Buffalo;NOUN;pulled;VERB;Elephant;NOUN
1;But;CONJ;nothing;NOUN;happened;VERB
1;Chicken;NOUN;eats;NOUN;Millipede;NOUN
1;Chicken;NOUN;feels;NOUN;sick;VERB
1;Chicken;NOUN;is;VERB;cross;NOUN
1;Congrats;INT;You;PRON;finally;ADV;got;VERB;your;PRON;Master’s;NOUN;degree;NOUN
1;Crikey;INT;Do;VERB;you;PRON;ever;ADV;think;VERB;before;ADP;you;PRON;speak;VERB
1;Ebei;NOUN;was;VERB;worried;VERB
1;Elephant;NOUN;pulled;VERB;Buffalo;NOUN
1;Flowers;NOUN;gently;ADV;fall;VERB
1;Grrr;INT;I’m;NOUN;going;VERB;to;ADP;get;VERB;back;ADV;at;ADP;him;PRON;for;ADP;that;DET
1;He;PRON;bent;VERB;down;ADV
1;He;PRON;is;VERB;calling;VERB
1;He;PRON;was;VERB;surprised;ADJ
1;Help;VERB;me;PRON;please;VERB
1;Help;VERB;me;PRON;someone;NOUN
1;Here;ADV;it;PRON;comes;VERB
1;Humph;INT;he;PRON;probably;ADV;cheated;VERB;to;ADP;make;VERB;such;ADJ;good;ADJ;grades;NOUN
1;I;PRON;am;VERB;answering;VERB
1;I;PRON;am;VERB;clapping;VERB
1;I;PRON;am;VERB;singing;VERB
1;I;PRON;hate;VERB;soap;NOUN
1;It;PRON;broke;VERB;down;ADP
1;It;PRON;is;VERB;comfortable;ADJ
1;It;PRON;is;VERB;gone;VERB
1;It;PRON;smiled;VERB;happily;ADV
1;It;PRON;was;VERB;Kiki;NOUN
1;Just;ADV;carry;NOUN;on;ADP
1;Khalai;NOUN;sees;VERB;flowers;NOUN
1;Look;NOUN;at;ADP;her;PRON
1;My;PRON;father;NOUN;planted;VERB
1;My;PRON;mother;NOUN;planted;VERB
1;Neither;DET;could;VERB;win;VERB
1;Not;ADV;there;PRON;either;ADV
1;Oh;INT;dear;NOUN;I;PRON;don’t;VERB;know;VERB;what;PRON;to;ADP;do;VERB;about;ADP;this;DET;mess;NOUN
1;Oh;INT;my;PRON;friend;NOUN
1;One;ADJ;lion;NOUN;roars;NOUN
1;Opio;NOUN;followed;VERB;them;PRON
1;Police;NOUN;are;VERB;here;ADV
1;She;PRON;is;VERB;listening;VERB
1;She;PRON;is;VERB;stretching;VERB
1;She;PRON;is;VERB;waving;VERB
1;She;PRON;turned;VERB;grey;NOUN
1;Ships;NOUN;are;VERB;big;ADJ
1;Shoot;INT;I;PRON;forgot;VERB;my;PRON;brother’s;ADJ;birthday;NOUN
1;Teachers;NOUN;loved;VERB;Adie;NOUN
1;Thank;NOUN;you;PRON;Pendo;VERB
1;The;DET;boy;NOUN;jumped;VERB
1;The;DET;crocodile;NOUN;strikes;NOUN
1;The;DET;trees;NOUN;became;VERB;angry;ADJ
1;The;DET;wind;NOUN;roars;NOUN
1;There;PRON;were;VERB;many;ADJ;tears;NOUN
1;They;PRON;all;DET;drowned;VERB
1;They;PRON;began;VERB;arguing;VERB
1;They;PRON;eat;VERB;food;NOUN
1;They;PRON;looked;VERB;dangerous;ADJ
1;They;PRON;started;VERB;crying;VERB
1;This;DET;is;VERB;Khalai;NOUN
1;This;DET;is;VERB;Ndalo;NOUN
1;This;DET;is;VERB;Pendo;NOUN
1;Wangari;NOUN;was;VERB;excited;VERB
1;We;PRON;believed;VERB;him;PRON
1;We;PRON;looked;VERB;everywhere;ADV
1;We;PRON;saw;VERB;everything;NOUN
1;We;PRON;want;VERB;flowers;NOUN
1;We;PRON;were;VERB;happy;ADJ
1;We;PRON;were;VERB;shocked;VERB
1;Where;ADV;was;VERB;Crocodile;NOUN
1;You;PRON;are;VERB;beautiful;ADJ
1;You;PRON;worked;VERB;hard;ADJ
1;Yowza;INT;That;DET;is;VERB;a;DET;beautiful;ADJ;ball;NOUN;gown;NOUN
2;A;DET;lady;NOUN;walks;VERB;past;ADP
2;A;DET;train;NOUN;rolls;NOUN;in;ADP
2;Adun;NOUN;was;VERB;very;ADV;beautiful;ADJ
2;Ahh;INT;that;DET;feels;VERB;wonderful;NOUN
2;Akai;NOUN;had;VERB;no;DET;shoes;NOUN
2;Akai;NOUN;itokec;NOUN;to;ADP;lomasi;VERB
2;Alas;INT;I’m;NOUN;lost;VERB;in;ADP;the;DET;wilderness;NOUN
2;And;CONJ;Adun;NOUN;ran;VERB;away;ADP
2;And;CONJ;he;PRON;started;VERB;crying;VERB
2;Bah;INT;That;DET;was;VERB;a;DET;total;ADJ;waste;NOUN;of;ADP;time;NOUN
2;Buffalo;NOUN;and;CONJ;Elephant;NOUN;pulled;VERB
2;Chicken;NOUN;coughs;VERB;out;ADP;Millipede;NOUN
2;Chicken;NOUN;meets;VERB;Mother;NOUN;Millipede;NOUN
2;Chuma;NOUN;shouted;VERB;Stop;NOUN;crying;NOUN
2;Come;NOUN;and;CONJ;join;VERB;us;PRON
2;Congrats;INT;You;PRON;finally;ADV;got;VERB;your;PRON;Master’s;NOUN;degree;NOUN
2;Cow;NOUN;paid;VERB;her;PRON;fare;NOUN
2;Crikey;INT;Do;VERB;you;PRON;ever;ADV;think;VERB;before;ADP;you;PRON;speak;VERB
2;Do;VERB;you;PRON;like;ADP;them;PRON
2;Dogs;NOUN;are;VERB;domestic;ADJ;animals;NOUN
2;Ebei;NOUN;was;VERB;very;ADV;excited;ADJ
2;Go;NOUN;and;CONJ;help;VERB;her;PRON
2;Go;NOUN;attack;VERB;the;DET;germs;NOUN
2;Grrr;INT;I’m;NOUN;going;VERB;to;ADP;get;VERB;back;ADV;at;ADP;him;PRON;for;ADP;that;DET
2;He;PRON;barks;VERB;a;DET;lot;NOUN
2;He;PRON;burst;ADV;into;ADP;tears;NOUN
2;He;PRON;climbed;VERB;off;ADP;quickly;ADV
2;He;PRON;could;VERB;hear;VERB;waves;NOUN
2;He;PRON;cried;VERB;in;ADP;pain;NOUN
2;He;PRON;is;VERB;also;ADV;resting;VERB
2;He;PRON;laughed;VERB;and;CONJ;laughed;VERB
2;He;PRON;lead;VERB;them;PRON;home;NOUN
2;He;PRON;practised;VERB;and;CONJ;practised;VERB
2;He;PRON;pulled;VERB;it;PRON;home;NOUN
2;He;PRON;saw;VERB;the;DET;baby;NOUN
2;He;PRON;untied;VERB;my;PRON;hands;NOUN
2;He;PRON;was;VERB;the;DET;youngest;ADJ
2;He;PRON;was;VERB;very;ADV;annoyed;ADJ
2;He;PRON;was;VERB;very;ADV;excited;ADJ
2;Her;PRON;name;NOUN;was;VERB;Wangari;NOUN
2;Here;ADV;is;VERB;a;DET;gift;NOUN;for;ADP;you;PRON
2;His;PRON;name;NOUN;is;VERB;Magozwe;NOUN
2;How;ADV;does;VERB;it;PRON;eat;VERB
2;Humph;INT;he;PRON;probably;ADV;cheated;VERB;to;ADP;make;VERB;such;ADJ;good;ADJ;grades;NOUN
2;I;PRON;am;VERB;still;ADV;spinning;VERB
2;I;PRON;am;VERB;tired;VERB;now;ADV
2;I;PRON;am;VERB;too;ADV;hot;ADJ
2;I;PRON;am;VERB;very;ADV;happy;ADJ
2;I;PRON;cried;VERB;a;DET;lot;NOUN
2;I;PRON;helped;VERB;him;PRON;up;ADP
2;I;PRON;kick;VERB;my;PRON;ball;NOUN
2;I;PRON;love;VERB;cold;ADJ;drinks;NOUN
2;I;PRON;love;VERB;to;ADP;read;VERB
2;I;PRON;need;VERB;some;DET;water;NOUN
2;I;PRON;saw;VERB;it;PRON;first;ADV
2;I;PRON;searched;VERB;the;DET;attic;ADJ
2;I;PRON;untied;VERB;my;PRON;friend;NOUN
2;I;PRON;want;VERB;to;ADP;rest;VERB
2;I;PRON;went;VERB;with;ADP;Chuma;NOUN
2;It;PRON;has;VERB;two;ADJ;holes;NOUN
2;It;PRON;is;VERB;a;DET;holiday;NOUN
2;It;PRON;is;VERB;high;ADJ;up;ADP
2;It;PRON;is;VERB;my;PRON;home;NOUN
2;It;PRON;is;VERB;the;DET;rainbow;NOUN
2;It;PRON;left;VERB;for;ADP;town;NOUN
2;It;PRON;was;VERB;not;ADV;big;ADJ
2;It;PRON;was;VERB;not;ADV;there;ADV
2;It;PRON;was;VERB;so;ADV;exciting;ADJ
2;It;PRON;was;VERB;the;DET;river;NOUN
2;It;PRON;was;VERB;very;ADV;noisy;ADJ
2;It;PRON;will;VERB;come;VERB;tomorrow;NOUN
2;Khalai;NOUN;walks;NOUN;to;ADP;school;NOUN
2;Let;VERB;us;PRON;play;VERB;first;ADV
2;Mice;NOUN;are;VERB;dangerous;ADJ;animals;NOUN
2;Millipede;NOUN;scores;VERB;five;ADJ;goals;NOUN
2;Millipede;NOUN;tastes;VERB;very;ADV;bad;ADJ
2;Mme;NOUN;will;VERB;never;ADV;know;VERB
2;My;PRON;big;ADJ;red;ADJ;ball;NOUN
2;My;PRON;dress;NOUN;is;VERB;violet;ADJ
2;My;PRON;name;NOUN;is;VERB;Kobole;NOUN
2;My;PRON;name;NOUN;is;VERB;Nanu;NOUN
2;My;PRON;stomach;NOUN;is;VERB;painful;ADJ
2;Oh;INT;dear;NOUN;I;PRON;don’t;VERB;know;VERB;what;PRON;to;ADP;do;VERB;about;ADP;this;DET;mess;NOUN
2;One;ADJ;towed;VERB;the;DET;truck;NOUN
2;Rahim;NOUN;started;VERB;feeling;VERB;unwell;NOUN
2;She;PRON;asked;VERB;many;ADJ;questions;NOUN
2;She;PRON;called;VERB;her;PRON;name;NOUN
2;She;PRON;does;VERB;not;ADV;like;ADP;fighting;VERB
2;She;PRON;has;VERB;five;ADJ;cellphones;NOUN
2;She;PRON;liked;VERB;to;ADP;learn;VERB
2;She;PRON;pulled;VERB;and;CONJ;pulled;VERB
2;She;PRON;saw;VERB;the;DET;stranger;NOUN
2;She;PRON;walked;VERB;with;ADP;difficulty;NOUN
2;Shoot;INT;I;PRON;forgot;VERB;my;PRON;brother’s;ADJ;birthday;NOUN
2;Shut;NOUN;up;ADP;my;PRON;friend;NOUN
2;Sit;NOUN;down;ADV;and;CONJ;rest;VERB
2;Slowly;ADV;he;PRON;walked;VERB;home;NOUN
2;So;ADP;they;PRON;ran;VERB;away;ADV
2;Soon;ADV;Man;NOUN;fell;VERB;asleep;ADV
2;Suddenly;ADV;he;PRON;met;VERB;Lion;NOUN
2;Teach;NOUN;him;PRON;a;DET;lesson;NOUN
2;The;DET;baby;NOUN;is;VERB;sleeping;VERB
2;The;DET;branch;NOUN;is;VERB;longer;ADV
2;The;DET;branch;NOUN;is;VERB;longer;ADV
2;The;DET;bus;NOUN;was;VERB;coming;VERB
2;The;DET;erotot;NOUN;looked;VERB;up;ADP
2;The;DET;mice;NOUN;wanted;VERB;holes;NOUN
2;The;DET;milk;NOUN;is;VERB;ready;ADJ
2;The;DET;millipedes;NOUN;run;VERB;away;ADV
2;The;DET;moon;NOUN;sent;VERB;it;PRON
2;The;DET;ox;NOUN;is;VERB;lazy;ADJ
2;The;DET;sky;NOUN;is;VERB;blue;ADJ
2;The;DET;sky;NOUN;started;VERB;to;ADP;grumble;VERB
2;The;DET;whole;ADJ;world;NOUN;sparkled;VERB
2;The;DET;wind;NOUN;is;VERB;powerful;ADJ
2;The;DET;wind;NOUN;went;VERB;to;ADP;sleep;VERB
2;There;PRON;was;VERB;light;NOUN;everywhere;ADV
2;These;DET;are;VERB;my;PRON;teachers;NOUN
2;They;PRON;also;ADV;destroy;VERB;clothes;NOUN
2;They;PRON;can;VERB;cause;VERB;disease;NOUN
2;They;PRON;did;VERB;everything;NOUN;together;NOUN
2;They;PRON;enjoyed;VERB;supper;NOUN;together;ADV
2;They;PRON;had;VERB;their;PRON;slingshots;NOUN
2;They;PRON;smile;VERB;at;ADP;me;PRON
2;They;PRON;went;VERB;away;ADV;to;ADP;play;VERB
2;They;PRON;were;VERB;good;ADJ;friends;NOUN
2;This;DET;is;VERB;a;DET;bed;NOUN
2;This;DET;is;VERB;a;DET;camel;NOUN
2;This;DET;is;VERB;a;DET;cock;NOUN
2;This;DET;is;VERB;a;DET;dog;NOUN
2;This;DET;is;VERB;a;DET;manyatta;NOUN
2;This;DET;is;VERB;a;DET;mouse;NOUN
2;This;DET;is;VERB;a;DET;ship;NOUN
2;This;DET;is;VERB;an;DET;orange;NOUN
2;This;DET;is;VERB;an;DET;umbrella;NOUN
2;To;ADP;bring;VERB;back;ADP;your;PRON;apron;NOUN
2;Tree;NOUN;woman;NOUN;tree;NOUN;woman;NOUN
2;Two;ADJ;tow;NOUN;trucks;NOUN;came;VERB
2;Wangari;NOUN;had;VERB;worked;VERB;hard;ADV
2;Wangari;NOUN;loved;VERB;being;VERB;outside;ADJ
2;We;PRON;are;VERB;fixing;VERB;it;PRON
2;We;PRON;are;VERB;going;VERB;home;NOUN
2;We;PRON;are;VERB;good;ADJ;friends;NOUN
2;We;PRON;began;VERB;to;ADP;argue;VERB
2;We;PRON;will;VERB;surely;ADV;die;VERB
2;What;PRON;are;VERB;you;PRON;doing;VERB
2;Where;ADV;is;VERB;my;PRON;ball;NOUN
2;Where;ADV;is;VERB;the;DET;bus;NOUN
2;Where;ADV;is;VERB;the;DET;mother;NOUN
2;Where;ADV;were;VERB;our;PRON;clothes;NOUN
2;Who;PRON;can;VERB;it;PRON;be;VERB
2;Yes;INT;mother;NOUN;I;PRON;understand;VERB
2;You;PRON;must;VERB;be;VERB;careful;ADJ
2;Yowza;INT;That;DET;is;VERB;a;DET;beautiful;ADJ;ball;NOUN;gown;NOUN
3;A;DET;crocodile;NOUN;has;VERB;sharp;ADJ;teeth;NOUN
3;A;DET;heavy;ADJ;storm;NOUN;was;VERB;coming;VERB
3;A;DET;rainbow;NOUN;has;VERB;seven;ADJ;colours;NOUN
3;A;DET;tasty;ADJ;morsel;NOUN;to;ADP;eat;VERB
3;Adhoch;NOUN;did;VERB;not;ADV;receive;VERB;any;DET
3;After;ADP;that;DET;he;PRON;ran;VERB;away;ADV
3;Ahh;INT;that;DET;feels;VERB;wonderful;NOUN
3;Alas;INT;I’m;NOUN;lost;VERB;in;ADP;the;DET;wilderness;NOUN
3;Anansi;NOUN;thought;VERB;for;ADP;a;DET;minute;NOUN
3;And;CONJ;he;PRON;began;VERB;to;ADP;cry;VERB
3;Are;NOUN;your;PRON;oranges;NOUN;ripe;VERB;yet;ADV
3;Bah;INT;That;DET;was;VERB;a;DET;total;ADJ;waste;NOUN;of;ADP;time;NOUN
3;Black;NOUN;clouds;NOUN;moving;VERB;my;PRON;way;NOUN
3;Branches;NOUN;sway;NOUN;and;CONJ;leaves;VERB;tremble;ADJ
3;But;CONJ;Adun;NOUN;refused;VERB;them;PRON;all;DET
3;But;CONJ;her;PRON;country;NOUN;had;VERB;changed;VERB
3;But;CONJ;it;PRON;was;VERB;too;ADV;late;ADJ
3;But;CONJ;it;PRON;was;VERB;too;ADV;late;ADJ
3;But;CONJ;Rahim;NOUN;was;VERB;not;ADV;sorry;ADJ
3;But;CONJ;she;PRON;did;VERB;not;ADV;come;VERB
3;But;CONJ;they;PRON;did;VERB;not;ADV;succeed;VERB
3;But;CONJ;they;PRON;made;VERB;a;DET;plan;NOUN
3;But;CONJ;they;PRON;were;VERB;badly;ADV;treated;VERB
3;But;CONJ;they;PRON;were;VERB;too;ADV;late;ADJ
3;But;CONJ;we;PRON;were;VERB;still;ADV;hot;ADJ
3;Can;VERB;we;PRON;keep;VERB;it;PRON;here;ADV
3;Chicken;NOUN;and;CONJ;Millipede;NOUN;are;VERB;friends;NOUN
3;Chicken;NOUN;is;VERB;the;DET;goal;NOUN;keeper;NOUN
3;Chickens;NOUN;and;CONJ;millipedes;VERB;become;ADJ;enemies;NOUN
3;Congrats;INT;You;PRON;finally;ADV;got;VERB;your;PRON;Master’s;NOUN;degree;NOUN
3;Crikey;INT;Do;VERB;you;PRON;ever;ADV;think;VERB;before;ADP;you;PRON;speak;VERB
3;Ebei;NOUN;looked;VERB;out;ADP;the;DET;window;NOUN
3;Elephant;NOUN;agreed;VERB;to;ADP;carry;VERB;Hare;NOUN
3;Eventually;ADV;they;PRON;reached;VERB;a;DET;decision;NOUN
3;Father;NOUN;bought;VERB;brother;ADV;fancy;ADJ;glasses;NOUN
3;Father;NOUN;gives;VERB;grain;NOUN;to;ADP;Pendo;VERB
3;Follow;VERB;me;PRON;to;ADP;the;DET;river;NOUN
3;Go;NOUN;home;NOUN;with;ADP;your;PRON;baby;NOUN
3;Grrr;INT;I’m;NOUN;going;VERB;to;ADP;get;VERB;back;ADV;at;ADP;him;PRON;for;ADP;that;DET
3;Have;VERB;you;PRON;seen;VERB;my;PRON;eggs;NOUN
3;He;PRON;also;ADV;wants;VERB;to;ADP;drink;VERB
3;He;PRON;did;VERB;not;ADV;want;VERB;to;ADP;go;VERB
3;He;PRON;felt;VERB;a;DET;second;ADJ;pull;NOUN
3;He;PRON;gave;VERB;it;PRON;to;ADP;the;DET;baby;NOUN
3;He;PRON;is;VERB;not;ADV;the;DET;thief;NOUN
3;He;PRON;lived;VERB;for;ADP;many;ADJ;years;NOUN
3;He;PRON;milks;VERB;Pendo;ADJ;every;DET;day;NOUN
3;He;PRON;mixes;VERB;it;PRON;with;ADP;milk;NOUN
3;He;PRON;planted;VERB;a;DET;large;ADJ;garden;NOUN
3;He;PRON;planted;VERB;a;DET;small;ADJ;garden;NOUN
3;He;PRON;ran;VERB;for;ADP;many;ADJ;hours;NOUN
3;He;PRON;tasted;VERB;all;DET;the;DET;fruit;NOUN
3;He;PRON;thought;VERB;of;ADP;a;DET;plan;NOUN
3;He;PRON;was;VERB;full;ADJ;of;ADP;fear;NOUN
3;He;PRON;will;VERB;let;VERB;you;PRON;rest;VERB
3;Here;ADV;is;VERB;food;NOUN;for;ADP;you;PRON
3;His;PRON;bed;NOUN;was;VERB;too;ADV;short;ADJ
3;His;PRON;bicycle;NOUN;was;VERB;too;ADV;short;ADJ
3;His;PRON;doorway;NOUN;was;VERB;too;ADV;low;ADJ
3;His;PRON;hoe;NOUN;was;VERB;too;ADV;short;ADJ
3;Humph;INT;he;PRON;probably;ADV;cheated;VERB;to;ADP;make;VERB;such;ADJ;good;ADJ;grades;NOUN
3;Hyena;NOUN;was;VERB;hiding;VERB;and;CONJ;listening;VERB
3;I;PRON;am;VERB;in;ADP;the;DET;lake;NOUN
3;I;PRON;am;VERB;ready;ADJ;to;ADP;suffer;VERB
3;I;PRON;can;VERB;hear;VERB;myself;PRON;clapping;VERB
3;I;PRON;can;VERB;hear;VERB;myself;PRON;crying;VERB
3;I;PRON;can;VERB;hear;VERB;myself;PRON;laughing;VERB
3;I;PRON;can;VERB;hear;VERB;the;DET;taxi;NOUN
3;I;PRON;feel;VERB;quite;ADV;better;ADV;now;ADV
3;I;PRON;had;VERB;to;ADP;smile;VERB;too;ADV
3;I;PRON;kick;VERB;my;PRON;red;ADJ;ball;NOUN
3;I;PRON;like;VERB;going;VERB;to;ADP;school;NOUN
3;I;PRON;looked;VERB;behind;ADP;the;DET;door;NOUN
3;I;PRON;run;VERB;after;ADP;my;PRON;kite;NOUN
3;I;PRON;searched;VERB;inside;ADP;the;DET;box;NOUN
3;I;PRON;wanted;VERB;to;ADP;play;VERB;too;ADV
3;I;PRON;was;VERB;the;DET;goal;NOUN;keeper;NOUN
3;I;PRON;will;VERB;be;VERB;back;ADV;soon;ADV
3;I;PRON;wondered;VERB;who;PRON;it;PRON;was;VERB
3;I;PRON;worked;VERB;hard;ADJ;all;DET;day;NOUN
3;It;PRON;blew;VERB;my;PRON;cap;NOUN;away;ADV
3;It;PRON;is;VERB;a;DET;powerful;ADJ;cow;NOUN
3;It;PRON;is;VERB;over;ADP;the;DET;moon;NOUN
3;It;PRON;roars;VERB;past;ADP;our;PRON;home;NOUN
3;It;PRON;was;VERB;big;ADJ;and;CONJ;blue;ADJ
3;It;PRON;was;VERB;red;ADJ;and;CONJ;small;ADJ
3;It;PRON;was;VERB;stretched;VERB;very;ADV;long;ADV
3;Kitonyou;NOUN;akimat;VERB;Akai;NOUN;nataparac;FW;nace;NOUN
3;Later;ADV;on;ADP;we;PRON;cleaned;VERB;ourselves;PRON
3;Let;VERB;me;PRON;taste;VERB;this;DET;sugar;NOUN
3;Little;ADJ;Ant;NOUN;had;VERB;an;DET;idea;NOUN
3;Look;NOUN;at;ADP;what;PRON;Rahim;NOUN;did;VERB
3;Luck;NOUN;was;VERB;on;ADP;our;PRON;side;NOUN
3;Mama;NOUN;was;VERB;angry;ADJ;with;ADP;Rahim;NOUN
3;Mom;NOUN;and;CONJ;grandmother;NOUN;are;VERB;cooking;VERB
3;More;ADV;beautiful;ADJ;than;ADP;any;DET;other;ADJ
3;Mother;NOUN;Sun;NOUN;shone;VERB;her;PRON;light;NOUN;everywhere;ADV
3;My;PRON;brother;NOUN;Rahim;NOUN;is;VERB;greedy;ADJ
3;My;PRON;front;ADJ;teeth;NOUN;fell;VERB;out;ADP
3;Ndalo;NOUN;grazes;VERB;Pendo;NOUN;after;ADP;school;NOUN
3;Ndalo;NOUN;likes;VERB;to;ADP;read;VERB;books;NOUN
3;Oh;INT;dear;NOUN;I;PRON;don’t;VERB;know;VERB;what;PRON;to;ADP;do;VERB;about;ADP;this;DET;mess;NOUN
3;One;ADJ;day;NOUN;she;PRON;fell;VERB;ill;ADV
3;Only;ADV;Fox;NOUN;and;CONJ;Hyena;NOUN;remained;VERB
3;Other;ADJ;children;NOUN;had;VERB;good;ADJ;shoes;NOUN
3;Other;ADJ;cows;NOUN;leave;VERB;it;PRON;alone;ADV
3;Others;NOUN;thought;VERB;Neno;NOUN;was;VERB;right;ADJ
3;Our;PRON;dog;NOUN;is;VERB;called;VERB;Daa;NOUN
3;Our;PRON;sugarcane;NOUN;garden;NOUN;is;VERB;green;ADJ
3;Pendo;NOUN;likes;VERB;to;ADP;eat;VERB;carrots;NOUN
3;People;NOUN;were;VERB;standing;VERB;outside;ADJ;surprised;VERB
3;Perhaps;ADV;there;PRON;are;VERB;no;DET;cannibals;NOUN
3;Please;VERB;could;VERB;you;PRON;help;VERB;me;PRON
3;Quickly;ADP;we;PRON;made;VERB;a;DET;decision;NOUN
3;Shoot;INT;I;PRON;forgot;VERB;my;PRON;brother’s;ADJ;birthday;NOUN
3;Yowza;INT;That;DET;is;VERB;a;DET;beautiful;ADJ;ball;NOUN;gown;NOUN
4;Ahh;INT;that;DET;feels;VERB;wonderful;NOUN
4;Alas;INT;I’m;NOUN;lost;VERB;in;ADP;the;DET;wilderness;NOUN
4;Bah;INT;That;DET;was;VERB;a;DET;total;ADJ;waste;NOUN;of;ADP;time;NOUN
4;Congrats;INT;You;PRON;finally;ADV;got;VERB;your;PRON;Master’s;NOUN;degree;NOUN
4;Crikey;INT;Do;VERB;you;PRON;ever;ADV;think;VERB;before;ADP;you;PRON;speak;VERB
4;Did;NOUN;he;PRON;say;VERB;that;ADP
4;Grrr;INT;I’m;NOUN;going;VERB;to;ADP;get;VERB;back;ADV;at;ADP;him;PRON;for;ADP;that;DET
4;Humph;INT;he;PRON;probably;ADV;cheated;VERB;to;ADP;make;VERB;such;ADJ;good;ADJ;grades;NOUN
4;Oh;INT;dear;NOUN;I;PRON;don’t;VERB;know;VERB;what;PRON;to;ADP;do;VERB;about;ADP;this;DET;mess;NOUN
4;Rahim;NOUN;is;VERB;naughty;ADJ;and;CONJ;selfish;ADJ
4;Rats;NOUN;have;VERB;long;ADJ;front;NOUN;teeth;NOUN
4;She;PRON;fell;VERB;on;ADP;her;PRON;back;ADP
4;She;PRON;fell;VERB;sick;ADV;more;ADV;often;ADV
4;She;PRON;felt;VERB;free;ADJ;and;CONJ;happy;ADJ
4;She;PRON;heard;VERB;the;DET;same;ADJ;reply;NOUN
4;She;PRON;is;VERB;called;VERB;Ms;NOUN;Phone;NOUN
4;She;PRON;is;VERB;seven;ADJ;years;NOUN;old;ADJ
4;She;PRON;looked;VERB;into;ADP;the;DET;water;NOUN
4;She;PRON;planted;VERB;a;DET;large;ADJ;garden;NOUN
4;She;PRON;planted;VERB;a;DET;small;ADJ;garden;NOUN
4;She;PRON;was;VERB;curious;ADJ;about;ADP;everything;NOUN
4;She;PRON;was;VERB;curious;ADJ;about;ADP;Giraffe;NOUN
4;She;PRON;was;VERB;curious;ADJ;about;ADP;Hippo;NOUN
4;She;PRON;was;VERB;curious;ADJ;about;ADP;Rhino;NOUN
4;She;PRON;was;VERB;so;ADV;afraid;ADJ;that;ADP;she;PRON;dropped;VERB;her;PRON;bag;NOUN;of;ADP;fruit;NOUN
4;She;PRON;went;VERB;to;ADP;pick;VERB;fruit;NOUN
4;She;PRON;will;VERB;come;VERB;home;NOUN;later;ADV
4;Shoot;INT;I;PRON;forgot;VERB;my;PRON;brother’s;ADJ;birthday;NOUN
4;So;ADP;she;PRON;made;VERB;a;DET;fence;NOUN
4;Some;DET;people;NOUN;agreed;VERB;with;ADP;me;PRON
4;Suddenly;ADV;Soap;NOUN;King;NOUN;Bubbly;NOUN;appears;VERB
4;Suddenly;ADV;they;PRON;heard;VERB;a;DET;noise;NOUN
4;Tangarae;NOUN;totokonia;NOUN;kainak;NOUN;ngakon;NOUN;kile;NOUN
4;The;DET;baby;NOUN;got;VERB;sugar;ADJ;candy;NOUN
4;The;DET;beans;NOUN;are;VERB;nearly;ADV;ready;ADJ
4;The;DET;bees;NOUN;were;VERB;not;ADV;pleased;ADJ
4;The;DET;big;ADJ;beehive;NOUN;fell;VERB;too;ADV
4;The;DET;chickens;NOUN;lay;VERB;many;ADJ;eggs;NOUN
4;The;DET;cows;NOUN;ate;VERB;our;PRON;clothes;NOUN
4;The;DET;driver;NOUN;was;VERB;very;ADV;annoyed;ADJ
4;The;DET;elephant;NOUN;called;VERB;out;ADP;next;ADJ
4;The;DET;elephants;NOUN;bumped;VERB;into;ADP;trees;NOUN
4;The;DET;farmer;NOUN;looked;VERB;at;ADP;him;PRON
4;The;DET;fifth;ADJ;colour;NOUN;is;VERB;blue;ADJ
4;The;DET;first;ADJ;colour;NOUN;is;VERB;red;ADJ
4;The;DET;fourth;ADJ;colour;NOUN;is;VERB;green;ADJ
4;The;DET;fruit;NOUN;is;VERB;punishing;VERB;Rahim;NOUN
4;The;DET;old;ADJ;man;NOUN;was;VERB;heartbroken;VERB
4;The;DET;oranges;NOUN;are;VERB;still;ADV;green;ADJ
4;The;DET;other;ADJ;towed;VERB;the;DET;car;NOUN
4;The;DET;ox;NOUN;was;VERB;very;ADV;frightened;ADJ
4;The;DET;red;ADJ;bus;NOUN;was;VERB;full;ADJ
4;The;DET;second;ADJ;colour;NOUN;is;VERB;orange;ADJ
4;The;DET;seventh;ADJ;colour;NOUN;is;VERB;violet;ADJ
4;The;DET;sixth;ADJ;colour;NOUN;is;VERB;indigo;ADJ
4;The;DET;stepmother;NOUN;went;VERB;back;ADV;home;NOUN
4;The;DET;swallows;NOUN;can;VERB;enter;VERB;it;PRON
4;The;DET;third;ADJ;colour;NOUN;is;VERB;yellow;ADJ
4;The;DET;tornado;NOUN;swallows;VERB;me;PRON;up;ADP
4;The;DET;wind;NOUN;becomes;VERB;a;DET;tornado;NOUN
4;The;DET;wind;NOUN;finally;ADV;dies;VERB;down;ADP
4;The;DET;women;NOUN;were;VERB;very;ADV;happy;ADJ
4;Then;ADV;he;PRON;went;VERB;to;ADP;sleep;VERB
4;Then;ADV;he;PRON;woke;VERB;up;ADP;again;ADV
4;Then;ADV;he;PRON;would;VERB;run;VERB;again;ADV
4;Then;ADV;I;PRON;will;VERB;work;VERB;tomorrow;NOUN
4;Then;ADV;she;PRON;walked;VERB;off;ADP;frowning;VERB
4;Then;ADV;we;PRON;splashed;VERB;each;DET;other;ADJ
4;There;PRON;is;VERB;my;PRON;friend;NOUN;Tumi;NOUN
4;There;PRON;is;VERB;no;DET;electricity;NOUN;anyway;ADV
4;They;PRON;go;VERB;to;ADP;play;VERB;football;NOUN
4;They;PRON;lived;VERB;happily;ADV;ever;ADV;after;ADP
4;They;PRON;perched;VERB;on;ADP;her;PRON;shoulders;NOUN
4;They;PRON;snapped;VERB;one;ADJ;by;ADP;one;ADJ
4;This;DET;cow;NOUN;is;VERB;a;DET;fighter;NOUN
4;This;DET;is;VERB;what;PRON;she;PRON;sang;VERB
4;This;DET;lady;NOUN;has;VERB;beautiful;ADJ;earrings;NOUN
4;This;DET;man;NOUN;was;VERB;following;VERB;us;PRON
4;This;DET;man;NOUN;was;VERB;too;ADV;tall;ADJ
4;Tortoise;NOUN;ate;NOUN;ate;NOUN;and;CONJ;ate;NOUN
4;Until;ADP;he;PRON;gets;VERB;hungry;ADJ;again;ADV
4;Violet;NOUN;is;VERB;my;PRON;favourite;ADJ;colour;NOUN
4;Wangari;NOUN;knew;VERB;what;PRON;to;ADP;do;VERB
4;We;PRON;also;ADV;have;VERB;many;ADJ;chickens;NOUN
4;We;PRON;are;VERB;very;ADV;late;ADV;today;NOUN
4;We;PRON;know;VERB;our;PRON;neighbourhood;NOUN;well;ADV
4;We;PRON;looked;VERB;on;ADP;the;DET;bushes;NOUN
4;We;PRON;looked;VERB;under;ADP;the;DET;trees;NOUN
4;We;PRON;went;VERB;to;ADP;school;NOUN;together;ADV
4;We;PRON;will;VERB;be;VERB;home;ADV;soon;ADV
4;What;PRON;do;VERB;we;PRON;have;VERB;here;ADV
4;What;PRON;do;VERB;you;PRON;think;VERB;happened;VERB
4;What;PRON;is;VERB;the;DET;story;NOUN;about;ADP
4;Where;ADV;are;VERB;the;DET;other;ADJ;two;ADJ
4;Where;ADV;are;VERB;you;PRON;going;VERB;mum;ADJ
4;Where;ADV;did;VERB;the;DET;wind;NOUN;go;VERB
4;Where;ADV;is;VERB;my;PRON;ball;NOUN;now;ADV
4;Who;PRON;can;VERB;I;PRON;read;VERB;for;ADP
4;Works;NOUN;without;ADP;saying;VERB;a;DET;word;NOUN
4;You;PRON;are;VERB;not;ADV;my;PRON;brother;NOUN
4;You;PRON;wanted;VERB;to;ADP;play;VERB;first;ADV
4;Your;PRON;husband;NOUN;has;VERB;sent;VERB;us;PRON
4;Yowza;INT;That;DET;is;VERB;a;DET;beautiful;ADJ;ball;NOUN;gown;NOUN
5;A;DET;bird;NOUN;does;VERB;not;ADV;have;VERB;teeth;NOUN
5;A;DET;bolt;NOUN;of;ADP;lightning;VERB;far;ADV;away;ADV
5;A;DET;lion;NOUN;also;ADV;has;VERB;sharp;ADJ;teeth;NOUN
5;A;DET;man;NOUN;walked;VERB;up;ADV;to;ADP;him;PRON
5;A;DET;shark;NOUN;has;VERB;very;ADV;sharp;ADJ;teeth;NOUN
5;Adhoch;NOUN;asked;VERB;where;ADV;her;PRON;sister;NOUN;was;VERB
5;Adhoch;NOUN;got;VERB;deep;ADV;into;ADP;the;DET;lake;NOUN
5;Adie;NOUN;still;ADV;did;VERB;well;ADV;in;ADP;school;NOUN
5;Adun;NOUN;was;VERB;pleased;VERB;by;ADP;his;PRON;appearance;NOUN
5;After;ADP;saying;VERB;that;ADP;he;PRON;ran;VERB;away;ADV
5;Ahh;INT;that;DET;feels;VERB;wonderful;NOUN
5;Akai;NOUN;put;VERB;on;ADP;her;PRON;new;ADJ;shoes;NOUN
5;Akiru;NOUN;ran;VERB;home;NOUN;to;ADP;call;VERB;mother;NOUN
5;Alas;INT;I’m;NOUN;lost;VERB;in;ADP;the;DET;wilderness;NOUN
5;All;DET;right;NOUN;you;PRON;can;VERB;carry;VERB;me;PRON
5;An;DET;elephant;NOUN;volunteered;VERB;to;ADP;stop;VERB;it;PRON
5;An;DET;erotot;NOUN;from;ADP;another;DET;community;NOUN;came;VERB;by;ADP
5;Anansi;NOUN;could;VERB;not;ADV;believe;VERB;his;PRON;ears;NOUN
5;Anansi;NOUN;could;VERB;not;ADV;believe;VERB;his;PRON;ears;NOUN
5;And;CONJ;she;PRON;fell;VERB;to;ADP;the;DET;ground;NOUN
5;Are;NOUN;you;PRON;going;VERB;to;ADP;punish;VERB;Rahim;NOUN
5;At;ADP;home;NOUN;we;PRON;have;VERB;two;ADJ;cocks;NOUN
5;At;ADP;least;ADJ;I;PRON;was;VERB;no;ADV;longer;ADV;blindfolded;VERB
5;Baby;NOUN;Elephant;NOUN;looked;VERB;at;ADP;her;PRON;nose;ADJ
5;Bah;INT;That;DET;was;VERB;a;DET;total;ADJ;waste;NOUN;of;ADP;time;NOUN
5;Because;ADP;they;PRON;were;VERB;made;VERB;of;ADP;wax;NOUN
5;Big;ADJ;waves;NOUN;rose;VERB;and;CONJ;Adie;NOUN;drowned;VERB
5;Bunty;NOUN;is;VERB;chased;VERB;by;ADP;the;DET;germs;NOUN
5;Bunty;NOUN;loves;VERB;to;ADP;play;VERB;with;ADP;butterflies;NOUN
5;But;CONJ;I;PRON;must;VERB;plough;VERB;my;PRON;field;NOUN
5;But;CONJ;Little;NOUN;Ant;NOUN;was;VERB;extremely;ADV;thirsty;ADJ
5;But;CONJ;no;DET;one;NOUN;could;VERB;hear;VERB;him;PRON
5;But;CONJ;the;DET;bus;NOUN;did;VERB;not;ADV;come;VERB
5;But;CONJ;the;DET;camel;NOUN;is;VERB;very;ADV;important;ADJ
5;But;CONJ;the;DET;door;NOUN;did;VERB;not;ADV;open;VERB
5;But;CONJ;the;DET;result;NOUN;was;VERB;the;DET;same;ADJ
5;But;CONJ;this;DET;bus;NOUN;was;VERB;not;ADV;blue;ADJ
5;Can;VERB;I;PRON;have;VERB;the;DET;stories;NOUN;please;VERB
5;Congrats;INT;You;PRON;finally;ADV;got;VERB;your;PRON;Master’s;NOUN;degree;NOUN
5;Cow;NOUN;is;VERB;not;ADV;bothered;VERB;by;ADP;cars;NOUN
5;Crikey;INT;Do;VERB;you;PRON;ever;ADV;think;VERB;before;ADP;you;PRON;speak;VERB
5;Crocodile;NOUN;believed;VERB;him;PRON;and;CONJ;forgave;VERB;him;PRON
5;Crocodile;NOUN;sunk;NOUN;back;ADV;into;ADP;the;DET;water;NOUN
5;Crocodile;NOUN;will;VERB;eat;VERB;you;PRON;for;ADP;dinner;NOUN
5;Dad;NOUN;is;VERB;cooking;VERB;porridge;NOUN;for;ADP;breakfast;NOUN
5;Dad;NOUN;please;NOUN;buy;VERB;one;ADJ;for;ADP;me;PRON
5;Dad;NOUN;pours;VERB;the;DET;milk;NOUN;with;ADP;love;NOUN
5;Dad;NOUN;when;ADV;will;VERB;Mom;NOUN;be;VERB;home;NOUN
5;First;NOUN;we;PRON;took;VERB;off;ADP;our;PRON;shoes;NOUN
5;Go;NOUN;and;CONJ;buy;VERB;some;DET;bean;NOUN;cakes;NOUN
5;Grrr;INT;I’m;NOUN;going;VERB;to;ADP;get;VERB;back;ADV;at;ADP;him;PRON;for;ADP;that;DET
5;Hamisi;NOUN;needs;VERB;a;DET;new;ADJ;school;NOUN;uniform;NOUN
5;Hare;NOUN;and;CONJ;Monkey;NOUN;were;VERB;great;ADJ;friends;NOUN
5;Hare;NOUN;could;VERB;not;ADV;see;VERB;their;PRON;heads;NOUN
5;He;PRON;ate;VERB;a;DET;lot;NOUN;of;ADP;it;PRON
5;He;PRON;began;VERB;to;ADP;climb;VERB;the;DET;tree;NOUN
5;He;PRON;began;VERB;to;ADP;shout;VERB;at;ADP;Lion;NOUN
5;He;PRON;bought;VERB;a;DET;very;ADV;high;ADJ;bicycle;NOUN
5;He;PRON;can;VERB;pull;VERB;the;DET;plough;NOUN;today;NOUN
5;He;PRON;could;VERB;not;ADV;sleep;VERB;that;ADP;night;NOUN
5;He;PRON;did;VERB;not;ADV;have;VERB;a;DET;wife;NOUN
5;He;PRON;gives;VERB;fresh;ADJ;water;NOUN;to;ADP;Pendo;VERB
5;He;PRON;made;VERB;a;DET;very;ADV;long;ADV;bed;NOUN
5;He;PRON;made;VERB;very;ADV;high;ADJ;door;NOUN;frames;NOUN
5;He;PRON;melted;VERB;in;ADP;the;DET;hot;ADJ;sun;NOUN
5;He;PRON;put;VERB;them;PRON;in;ADP;his;PRON;bag;NOUN
5;He;PRON;shared;VERB;his;PRON;fears;NOUN;with;ADP;Thomas;NOUN
5;He;PRON;started;VERB;living;VERB;on;ADP;the;DET;street;NOUN
5;He;PRON;was;VERB;not;ADV;eaten;VERB;by;ADP;Lion;NOUN
5;Her;PRON;feet;NOUN;and;CONJ;arms;NOUN;fell;VERB;away;ADV
5;Here;ADV;I;PRON;am;VERB;standing;VERB;in;ADP;line;NOUN
5;His;PRON;brother;NOUN;and;CONJ;sister;NOUN;warned;VERB;him;PRON
5;His;PRON;skin;NOUN;was;VERB;full;ADJ;of;ADP;pimples;NOUN
5;How;ADV;much;ADJ;do;VERB;the;DET;stories;NOUN;cost;NOUN
5;How;ADV;will;VERB;we;PRON;live;VERB;on;ADP;earth;NOUN
5;Huge;ADJ;farms;NOUN;stretched;VERB;across;ADP;the;DET;land;NOUN
5;Humph;INT;he;PRON;probably;ADV;cheated;VERB;to;ADP;make;VERB;such;ADJ;good;ADJ;grades;NOUN
5;I;PRON;can;VERB;hear;VERB;my;PRON;stomach;NOUN;rumbling;VERB
5;I;PRON;can;VERB;not;ADV;hear;VERB;the;DET;wind;NOUN;anymore;NOUN
5;I;PRON;can;VERB;not;ADV;see;VERB;my;PRON;kite;NOUN;anywhere;ADV
5;I;PRON;could;VERB;hear;VERB;them;PRON;arguing;VERB;again;ADV
5;I;PRON;could;VERB;not;ADV;find;VERB;it;PRON;anywhere;ADV
5;I;PRON;could;VERB;not;ADV;find;VERB;it;PRON;there;ADV
5;I;PRON;finish;VERB;my;PRON;hot;ADJ;hot;ADJ;bath;NOUN
5;I;PRON;had;VERB;a;DET;bad;ADJ;day;NOUN;today;NOUN
5;I;PRON;had;VERB;a;DET;lovely;ADJ;day;NOUN;today;NOUN
5;I;PRON;kick;VERB;my;PRON;red;ADJ;ball;NOUN;hard;ADV
5;I;PRON;like;VERB;playing;VERB;football;NOUN;very;ADV;much;ADJ
5;I;PRON;live;VERB;in;ADP;a;DET;small;ADJ;village;NOUN
5;I;PRON;looked;VERB;here;ADV;there;ADV;and;CONJ;everywhere;ADV
5;I;PRON;told;VERB;you;PRON;not;ADV;to;ADP;complain;VERB
5;I;PRON;used;VERB;to;ADP;have;VERB;front;VERB;teeth;NOUN
5;I;PRON;want;VERB;to;ADP;know;VERB;many;ADJ;more;ADJ
5;I;PRON;want;VERB;to;ADP;rest;VERB;again;ADV;tomorrow;NOUN
5;I;PRON;was;VERB;arguing;VERB;with;ADP;my;PRON;wife;NOUN
5;I;PRON;was;VERB;with;ADP;my;PRON;friend;NOUN;Hare;NOUN
5;I;PRON;went;VERB;to;ADP;the;DET;market;NOUN;today;NOUN
5;I;PRON;will;VERB;come;VERB;this;DET;very;ADV;night;NOUN
5;Just;ADV;right;ADV;for;ADP;a;DET;bee;NOUN;hive;NOUN
5;Kalabushe;NOUN;was;VERB;a;DET;very;ADV;talkative;ADJ;girl;NOUN
5;Kewyu;NOUN;is;VERB;wearing;VERB;a;DET;red;ADJ;shirt;NOUN
5;Kiki;NOUN;wriggled;VERB;out;ADP;of;ADP;the;DET;window;NOUN
5;Last;ADJ;of;ADP;all;DET;came;VERB;the;DET;hyena;NOUN
5;Listen;NOUN;I;PRON;have;VERB;a;DET;good;ADJ;idea;NOUN
5;Lokeyokoni;NOUN;had;VERB;many;ADJ;sons;NOUN;and;CONJ;daughters;NOUN
5;Mama;NOUN;knew;VERB;why;ADV;Rahim;NOUN;was;VERB;sick;ADJ
5;My;PRON;father;NOUN;watered;VERB;in;ADP;both;DET;gardens;NOUN
5;My;PRON;home;NOUN;is;VERB;in;ADP;Turkana;NOUN;County;NOUN
5;My;PRON;mother;NOUN;is;VERB;getting;VERB;tired;VERB;now;ADV
5;My;PRON;mother;NOUN;sings;NOUN;me;PRON;a;DET;song;NOUN
5;My;PRON;mother;NOUN;weeded;VERB;in;ADP;both;DET;gardens;NOUN
5;My;PRON;parents;NOUN;have;VERB;a;DET;big;ADJ;umbrella;NOUN
5;My;PRON;poor;ADJ;old;ADJ;ox;NOUN;is;VERB;sick;ADJ
5;Ndalo;NOUN;drinks;NOUN;fresh;ADJ;milk;NOUN;every;DET;day;NOUN
5;Never;ADV;ask;VERB;a;DET;question;NOUN;like;ADP;that;DET
5;Now;ADV;mother;NOUN;is;VERB;older;ADJ;she;PRON;is;VERB;weaker;ADJ
5;Oh;INT;dear;NOUN;I;PRON;don’t;VERB;know;VERB;what;PRON;to;ADP;do;VERB;about;ADP;this;DET;mess;NOUN
5;On;ADP;the;DET;way;NOUN;Kalabushe;NOUN;met;VERB;Sinson;NOUN
5;One;ADJ;day;NOUN;mama;VERB;bought;VERB;different;ADJ;fruits;NOUN
5;One;ADJ;elephant;NOUN;is;VERB;going;VERB;to;ADP;drink;VERB;water;NOUN
5;One;ADJ;night;NOUN;she;PRON;has;VERB;a;DET;dream;NOUN
5;One;ADJ;rat;NOUN;lived;VERB;in;ADP;the;DET;bush;NOUN
5;Opio;ADV;did;VERB;as;ADP;he;PRON;was;VERB;told;VERB
5;Pendo;NOUN;gives;VERB;a;DET;lot;NOUN;of;ADP;milk;NOUN
5;Please;NOUN;hurry;VERB;up;ADP;and;CONJ;return;VERB;home;NOUN
5;Rahim;NOUN;you;PRON;will;VERB;be;VERB;sorry;ADJ;soon;ADV
5;She;PRON;felt;VERB;safe;ADJ;in;ADP;the;DET;cave;NOUN
5;She;PRON;greets;VERB;her;PRON;parents;NOUN;and;CONJ;grandparents;NOUN
5;She;PRON;is;VERB;a;DET;very;ADV;smart;ADJ;lady;NOUN
5;She;PRON;prepares;VERB;her;PRON;bed;ADJ;very;ADV;well;ADV
5;She;PRON;puts;VERB;on;ADP;her;PRON;black;ADJ;shoes;NOUN
5;She;PRON;sings;VERB;dances;NOUN;and;CONJ;plays;NOUN;football;NOUN
5;She;PRON;takes;VERB;a;DET;cold;ADJ;water;NOUN;bath;NOUN
5;She;PRON;took;VERB;my;PRON;brother;NOUN;to;ADP;town;NOUN
5;She;PRON;wanted;VERB;to;ADP;be;VERB;with;ADP;him;PRON
5;She;PRON;went;VERB;inside;ADV;and;CONJ;called;VERB;out;ADP
5;Shoot;INT;I;PRON;forgot;VERB;my;PRON;brother’s;ADJ;birthday;NOUN
5;So;ADV;he;PRON;changed;VERB;direction;NOUN;and;CONJ;escaped;VERB
5;So;ADV;he;PRON;ran;VERB;into;ADP;a;DET;hole;NOUN
5;Sometimes;ADV;he;PRON;wanted;VERB;to;ADP;give;VERB;up;ADP
5;Soon;ADV;we;PRON;were;VERB;soaked;VERB;with;ADP;water;NOUN
5;Sorry;NOUN;I;PRON;have;VERB;things;NOUN;to;ADP;do;VERB
5;Suddenly;ADV;Goat;NOUN;ran;VERB;away;ADV;without;ADP;paying;VERB
5;The;DET;baby;NOUN;laughed;VERB;as;ADP;he;PRON;played;VERB
5;The;DET;beehive;NOUN;landed;VERB;on;ADP;the;DET;tortoise;NOUN
5;The;DET;bush;ADJ;rat;NOUN;just;ADV;looked;VERB;amazed;ADJ
5;The;DET;crows;NOUN;felt;VERB;sorry;NOUN;for;ADP;him;PRON
5;The;DET;donkey;NOUN;looked;VERB;at;ADP;the;DET;ox;NOUN
5;The;DET;door;NOUN;crashed;VERB;to;ADP;the;DET;ground;NOUN
5;Yowza;INT;That;DET;is;VERB;a;DET;beautiful;ADJ;ball;NOUN;gown;NOUN
6;A;DET;car;NOUN;was;VERB;speeding;VERB;up;ADP;the;DET;hill;NOUN
6;Ahh;INT;that;DET;feels;VERB;wonderful;NOUN
6;Alas;INT;I’m;NOUN;lost;VERB;in;ADP;the;DET;wilderness;NOUN
6;Among;ADP;the;DET;group;NOUN;of;ADP;boys;NOUN;was;VERB;Magozwe;NOUN
6;Anansi;ADP;the;DET;Spider;NOUN;and;CONJ;Rabbit;NOUN;were;VERB;friends;NOUN
6;Anansi;NOUN;saw;VERB;Vulture;NOUN;sitting;VERB;on;ADP;his;PRON;basket;NOUN
6;And;CONJ;be;VERB;friends;NOUN;with;ADP;Bird;NOUN;and;CONJ;Beast;NOUN
6;And;CONJ;I;PRON;can;VERB;make;VERB;my;PRON;breath;NOUN;noisier;NOUN
6;And;CONJ;I;PRON;did;VERB;not;ADV;eat;VERB;my;PRON;dinner;NOUN
6;And;CONJ;she;PRON;was;VERB;VERY;ADV;curious;ADJ;about;ADP;Crocodile;NOUN
6;At;ADP;that;DET;point;NOUN;we;PRON;turned;VERB;and;CONJ;ran;VERB
6;Bah;INT;That;DET;was;VERB;a;DET;total;ADJ;waste;NOUN;of;ADP;time;NOUN
6;Bend;NOUN;down;ADV;and;CONJ;I;PRON;will;VERB;tell;VERB;you;PRON
6;Blinded;VERB;he;PRON;jumped;VERB;about;ADP;howling;VERB;with;ADP;pain;NOUN
6;But;CONJ;even;ADV;the;DET;dew;NOUN;had;VERB;dried;VERB;up;ADP
6;But;CONJ;he;PRON;could;VERB;not;ADV;find;VERB;his;PRON;dogs;NOUN
6;But;CONJ;he;PRON;was;VERB;too;ADV;timid;ADJ;to;ADP;refuse;VERB
6;But;CONJ;his;PRON;longing;NOUN;did;VERB;not;ADV;go;VERB;away;ADV
6;But;CONJ;not;ADV;only;ADV;because;ADP;it;PRON;was;VERB;cool;ADJ
6;But;CONJ;she;PRON;was;VERB;stuck;VERB;to;ADP;the;DET;rock;NOUN
6;But;CONJ;the;DET;house;NOUN;rat;NOUN;could;VERB;not;ADV;reply;VERB
6;But;CONJ;the;DET;sun;NOUN;refused;VERB;to;ADP;come;VERB;out;ADP
6;Cannibals;NOUN;love;VERB;the;DET;smell;NOUN;of;ADP;cooking;VERB;meat;NOUN
6;Come;NOUN;and;CONJ;share;NOUN;my;PRON;food;NOUN;with;ADP;me;PRON
6;Congrats;INT;You;PRON;finally;ADV;got;VERB;your;PRON;Master’s;NOUN;degree;NOUN
6;Cow;NOUN;takes;VERB;her;PRON;time;NOUN;crossing;VERB;the;DET;road;NOUN
6;Crikey;INT;Do;VERB;you;PRON;ever;ADV;think;VERB;before;ADP;you;PRON;speak;VERB
6;Dad;NOUN;please;NOUN;in;ADP;this;DET;milk;NOUN;asks;VERB;Zama;NOUN
6;Do;VERB;you;PRON;think;VERB;your;PRON;plough;NOUN;is;VERB;heavy;ADJ
6;Dog;NOUN;yelped;VERB;and;CONJ;jumped;VERB;through;ADP;the;DET;window;NOUN
6;Ebei;NOUN;and;CONJ;his;PRON;mother;NOUN;got;VERB;in;ADP;first;ADJ
6;Every;DET;time;NOUN;he;PRON;became;VERB;tired;ADJ;he;PRON;rested;VERB
6;Everybody;NOUN;in;ADP;the;DET;neighbourhood;NOUN;obeyed;VERB;him;PRON
6;Everyone;NOUN;thought;VERB;it;PRON;was;VERB;a;DET;splendid;ADJ;idea;NOUN
6;Father;NOUN;and;CONJ;grandfather;NOUN;are;VERB;fixing;VERB;the;DET;car;NOUN
6;First;ADV;I;PRON;have;VERB;to;ADP;be;VERB;very;ADV;quiet;ADJ
6;From;ADP;that;DET;day;NOUN;the;DET;two;ADJ;became;VERB;enemies;NOUN
6;Goat;NOUN;Dog;NOUN;and;CONJ;Cow;NOUN;were;VERB;great;ADJ;friends;NOUN
6;Grandmother;NOUN;was;VERB;annoyed;VERB;when;ADV;we;PRON;got;VERB;home;NOUN
6;Grandmother;NOUN;will;VERB;not;ADV;allow;VERB;us;PRON;to;ADP;return;VERB
6;Grrr;INT;I’m;NOUN;going;VERB;to;ADP;get;VERB;back;ADV;at;ADP;him;PRON;for;ADP;that;DET
6;Guess;NOUN;which;DET;cap;NOUN;I;PRON;am;VERB;wearing;VERB;today;NOUN
6;Hare;NOUN;came;VERB;back;ADV;with;ADP;a;DET;long;ADJ;rope;NOUN
6;Have;VERB;you;PRON;never;ADV;seen;VERB;the;DET;rainbow;NOUN;before;ADP
6;He;PRON;ate;VERB;with;ADP;a;DET;very;ADV;long;ADJ;fork;NOUN
6;He;PRON;began;VERB;to;ADP;like;ADP;it;PRON;very;ADV;much;ADV
6;He;PRON;did;VERB;not;ADV;care;VERB;about;ADP;the;DET;size;NOUN
6;He;PRON;did;VERB;not;ADV;give;VERB;Magozwe;NOUN;enough;ADV;food;NOUN
6;He;PRON;found;VERB;the;DET;main;ADJ;road;NOUN;near;ADP;here;ADV
6;He;PRON;gave;VERB;orders;NOUN;to;ADP;the;DET;other;ADJ;two;ADJ
6;He;PRON;had;VERB;a;DET;lot;NOUN;to;ADP;catch;VERB;up;ADP
6;He;PRON;had;VERB;a;DET;twin;NOUN;sister;NOUN;called;VERB;Demazane;NOUN
6;He;PRON;jumped;VERB;and;CONJ;fell;VERB;into;ADP;the;DET;fire;NOUN
6;He;PRON;jumped;VERB;from;ADP;the;DET;bed;NOUN;and;CONJ;swallowed;VERB;Kalabushe;NOUN
6;He;PRON;made;VERB;a;DET;very;ADV;long;ADJ;hoe;NOUN;handle;NOUN
6;He;PRON;planted;VERB;a;DET;large;ADJ;garden;NOUN;of;ADP;flowers;NOUN
6;He;PRON;planted;VERB;a;DET;small;ADJ;garden;NOUN;of;ADP;flowers;NOUN
6;He;PRON;sat;VERB;on;ADP;a;DET;very;ADV;high;ADJ;chair;NOUN
6;He;PRON;searched;VERB;for;ADP;food;NOUN;slowly;ADV;and;CONJ;quietly;ADV
6;He;PRON;thought;VERB;his;PRON;stories;NOUN;were;VERB;quite;ADV;safe;ADJ
6;He;PRON;walked;VERB;until;ADP;he;PRON;heard;VERB;water;NOUN;splashing;NOUN
6;He;PRON;was;VERB;cross;NOUN;about;ADP;losing;VERB;his;PRON;dinner;NOUN
6;He;PRON;was;VERB;loved;VERB;and;CONJ;he;PRON;loved;VERB;everybody;NOUN
6;He;PRON;was;VERB;not;ADV;looking;VERB;at;ADP;the;DET;road;NOUN
6;He;PRON;went;VERB;to;ADP;live;VERB;with;ADP;his;PRON;uncle;NOUN
6;His;PRON;dad;NOUN;takes;VERB;him;PRON;to;ADP;the;DET;market;NOUN
6;His;PRON;work;NOUN;is;VERB;much;ADV;worse;ADJ;than;ADP;mine;NOUN
6;How;ADV;could;VERB;he;PRON;get;VERB;them;PRON;for;ADP;himself;PRON
6;Humph;INT;he;PRON;probably;ADV;cheated;VERB;to;ADP;make;VERB;such;ADJ;good;ADJ;grades;NOUN
6;Hyena;NOUN;started;VERB;to;ADP;lick;VERB;up;ADP;the;DET;honey;NOUN
6;I;PRON;am;VERB;carrying;VERB;meat;NOUN;eggs;NOUN;and;CONJ;milk;NOUN
6;I;PRON;am;VERB;glad;ADJ;I;PRON;was;VERB;not;ADV;around;ADP
6;I;PRON;like;VERB;my;PRON;Art;NOUN;teacher;NOUN;very;ADV;much;ADJ
6;I;PRON;like;VERB;playing;VERB;with;ADP;my;PRON;friend;NOUN;Chuma;NOUN
6;I;PRON;looked;VERB;for;ADP;it;PRON;on;ADP;the;DET;shelf;NOUN
6;I;PRON;looked;VERB;for;ADP;it;PRON;under;ADP;the;DET;bed;NOUN
6;I;PRON;share;NOUN;it;PRON;with;ADP;my;PRON;younger;ADJ;brother;NOUN
6;I;PRON;stopped;VERB;crying;VERB;and;CONJ;looked;VERB;at;ADP;him;PRON
6;I;PRON;told;VERB;you;PRON;I;PRON;would;VERB;be;VERB;back;ADV
6;I;PRON;will;VERB;never;ADV;be;VERB;so;ADV;greedy;ADJ;again;ADV
6;I;PRON;will;VERB;never;ADV;punish;VERB;you;PRON;or;CONJ;Trevor;VERB
6;I;PRON;will;VERB;see;VERB;you;PRON;tomorrow;NOUN;orange;VERB;tree;NOUN
6;I;PRON;will;VERB;then;ADV;invite;VERB;Monkey;NOUN;for;ADP;lunch;NOUN
6;I;PRON;worked;VERB;hard;ADJ;to;ADP;catch;VERB;the;DET;ball;NOUN
6;Immediately;ADV;she;PRON;turned;VERB;again;ADV;into;ADP;a;DET;statue;NOUN
6;In;ADP;the;DET;forest;NOUN;she;PRON;found;VERB;a;DET;tree;NOUN;with;ADP;ripe;ADJ;fruit;NOUN
6;It;PRON;carries;VERB;my;PRON;kite;NOUN;higher;ADJ;and;CONJ;higher;ADJ
6;It;PRON;is;VERB;fat;ADJ;with;ADP;a;DET;big;ADJ;stomach;NOUN
6;It;PRON;is;VERB;high;ADJ;up;ADV;in;ADP;the;DET;sky;NOUN
6;It;PRON;smashed;VERB;into;ADP;pieces;NOUN;on;ADP;the;DET;ground;NOUN
6;It;PRON;tears;VERB;my;PRON;kite;NOUN;from;ADP;my;PRON;hand;NOUN
6;Kato;NOUN;scratched;VERB;his;PRON;head;NOUN;and;CONJ;thought;VERB;hard;ADV
6;Later;ADV;that;DET;night;NOUN;the;DET;moon;NOUN;came;VERB;up;ADP
6;Let;VERB;me;PRON;tell;VERB;you;PRON;about;ADP;the;DET;palm;NOUN;tree;NOUN
6;Lie;NOUN;on;ADP;the;DET;floor;NOUN;cover;VERB;your;PRON;head;NOUN
6;Like;ADP;them;PRON;he;PRON;did;VERB;not;ADV;give;VERB;up;ADP
6;Lion;NOUN;was;VERB;resting;VERB;in;ADP;the;DET;short;ADJ;grass;NOUN
6;Look;VERB;there;PRON;are;VERB;those;DET;beautiful;ADJ;shirts;NOUN;says;VERB;Hamisi;NOUN
6;Magozwe;NOUN;started;VERB;school;NOUN;and;CONJ;it;PRON;was;VERB;difficult;ADJ
6;Magozwe;NOUN;would;VERB;daydream;VERB;of;ADP;being;VERB;a;DET;pilot;NOUN
6;Meanwhile;ADV;the;DET;eggs;NOUN;hatched;VERB;one;ADJ;by;ADP;one;ADJ
6;Monkey;NOUN;kept;VERB;running;VERB;hoping;VERB;to;ADP;get;VERB;away;ADP
6;Mother;NOUN;bought;VERB;me;PRON;a;DET;bright;ADJ;blue;NOUN;cap;NOUN
6;Mother;PRON;woke;VERB;up;ADP;Akai;NOUN;the;DET;following;ADJ;morning;NOUN
6;Ms;NOUN;Phone;NOUN;likes;VERB;people;NOUN;to;ADP;be;VERB;happy;ADJ
6;Mummy;NOUN;has;VERB;got;VERB;the;DET;sweetest;ADJ;breast;NOUN;milk;NOUN
6;My;PRON;dear;ADJ;princess;NOUN;what;PRON;is;VERB;the;DET;problem;NOUN
6;My;PRON;school;NOUN;is;VERB;called;VERB;Lolupe;NOUN;Primary;NOUN;School;NOUN
6;Neighbours;ADV;brought;VERB;her;PRON;milk;NOUN;from;ADP;the;DET;shop;NOUN
6;Never;ADV;tell;VERB;anyone;NOUN;where;ADV;you;PRON;come;VERB;from;ADP
6;Now;ADV;I;PRON;can;VERB;hear;VERB;my;PRON;heart;NOUN;beating;NOUN
6;Now;ADV;see;VERB;my;PRON;heart;NOUN;is;VERB;beating;VERB;faster;ADV
6;Oh;INT;dear;NOUN;I;PRON;don’t;VERB;know;VERB;what;PRON;to;ADP;do;VERB;about;ADP;this;DET;mess;NOUN
6;On;ADP;the;DET;way;NOUN;it;PRON;started;VERB;to;ADP;drizzle;VERB
6;Once;ADV;there;PRON;was;VERB;a;DET;very;ADV;hungry;ADJ;crocodile;NOUN
6;One;ADJ;day;NOUN;a;DET;baby;NOUN;elephant;NOUN;was;VERB;born;VERB
6;One;ADJ;day;NOUN;the;DET;longing;NOUN;was;VERB;too;ADV;strong;ADJ
6;Only;ADV;one;ADJ;thing;NOUN;I;PRON;beg;VERB;of;ADP;you;PRON
6;Opio;NOUN;asked;VERB;many;ADJ;questions;NOUN;about;ADP;the;DET;night;NOUN
6;Other;ADJ;people;NOUN;arrived;VERB;at;ADP;the;DET;bus;NOUN;stop;NOUN
6;Perhaps;ADV;this;DET;was;VERB;the;DET;wife;NOUN;for;ADP;him;PRON
6;Perhaps;ADV;tomorrow;NOUN;I;PRON;will;VERB;find;VERB;my;PRON;kite;NOUN
6;Shoot;INT;I;PRON;forgot;VERB;my;PRON;brother’s;ADJ;birthday;NOUN
6;The;DET;door;NOUN;opened;VERB;and;CONJ;Hyena;NOUN;ate;VERB;Atabo;NOUN
6;The;DET;farmer;NOUN;had;VERB;a;DET;donkey;NOUN;too;ADV
6;The;DET;farmer;NOUN;never;ADV;lets;VERB;me;PRON;rest;VERB
6;The;DET;moon;NOUN;tried;VERB;on;ADP;my;PRON;cap;NOUN
6;The;DET;ox;NOUN;was;VERB;waiting;VERB;for;ADP;him;PRON
6;The;DET;plough;NOUN;is;VERB;big;ADJ;and;CONJ;heavy;ADJ
6;The;DET;river;NOUN;is;VERB;full;ADJ;and;CONJ;strong;ADJ
6;The;DET;smoke;NOUN;filled;VERB;the;DET;entire;ADJ;room;NOUN
6;The;DET;sun;NOUN;rose;VERB;high;ADJ;and;CONJ;bright;ADJ
6;The;DET;tortoise;NOUN;was;VERB;afraid;ADJ;to;ADP;go;VERB
6;The;DET;trees;NOUN;stretched;VERB;their;PRON;branches;NOUN;and;CONJ;smiled;VERB
6;The;DET;truck;NOUN;smashed;VERB;into;ADP;the;DET;car;NOUN
6;The;DET;waters;NOUN;parted;VERB;for;ADP;a;DET;moment;NOUN
6;The;DET;young;ADJ;crocodiles;NOUN;were;VERB;always;ADV;hungry;ADJ
6;Then;ADV;go;VERB;back;ADV;and;CONJ;search;NOUN;again;ADV
6;Then;ADV;she;PRON;began;VERB;to;ADP;run;VERB;away;ADP
6;Then;ADV;we;PRON;went;VERB;to;ADP;the;DET;shop;NOUN
6;There;PRON;was;VERB;a;DET;spider;NOUN;called;VERB;Anansi;NOUN
6;There;PRON;was;VERB;no;DET;sign;NOUN;of;ADP;it;PRON
6;These;DET;berries;NOUN;are;VERB;the;DET;colour;NOUN;indigo;NOUN
6;They;PRON;are;VERB;so;ADV;cold;ADJ;and;CONJ;sweet;ADJ
6;They;PRON;did;VERB;not;ADV;listen;VERB;to;ADP;Monkey;NOUN
6;They;PRON;had;VERB;caught;VERB;him;PRON;as;ADV;well;ADV
6;They;PRON;saw;VERB;dust;NOUN;in;ADP;the;DET;air;NOUN
6;They;PRON;were;VERB;still;ADV;in;ADP;their;PRON;hives;NOUN
6;This;DET;bus;NOUN;was;VERB;going;VERB;to;ADP;town;NOUN
6;This;DET;is;VERB;our;PRON;big;ADJ;red;ADJ;taxi;NOUN
6;This;DET;man;NOUN;is;VERB;selling;VERB;cold;ADJ;drinks;NOUN
6;Tomorrow;NOUN;we;PRON;will;VERB;go;VERB;to;ADP;town;NOUN
6;Two;ADJ;giraffes;NOUN;are;VERB;going;VERB;to;ADP;drink;VERB;water;NOUN
6;Very;ADV;slowly;ADV;the;DET;snakes;NOUN;uncoiled;VERB;themselves;PRON
6;We;PRON;joined;VERB;our;PRON;friends;NOUN;to;ADP;play;VERB
6;We;PRON;ran;VERB;out;ADP;of;ADP;the;DET;house;NOUN
6;We;PRON;went;VERB;to;ADP;feed;VERB;the;DET;ducks;NOUN
6;We;PRON;went;VERB;to;ADP;fetch;VERB;firewood;NOUN;together;ADV
6;We;PRON;were;VERB;also;ADV;angry;ADJ;with;ADP;Rahim;NOUN
6;We;PRON;were;VERB;very;ADV;dirty;ADJ;and;CONJ;worried;VERB
6;We;PRON;will;VERB;buy;VERB;your;PRON;school;NOUN;uniform;NOUN
6;We;PRON;will;VERB;eat;VERB;the;DET;fruit;NOUN;tonight;NOUN
6;We;PRON;will;VERB;teach;VERB;you;PRON;a;DET;lesson;NOUN
6;We;PRON;will;VERB;wait;VERB;a;DET;bit;NOUN;longer;ADV
6;What;PRON;are;VERB;you;PRON;looking;VERB;at;ADP;boy;NOUN
6;What;PRON;does;VERB;Crocodile;NOUN;eat;NOUN;for;ADP;dinner;NOUN
6;When;ADV;can;VERB;we;PRON;have;VERB;some;DET;fruit;NOUN
6;When;ADV;mother;NOUN;was;VERB;younger;ADJ;she;PRON;was;VERB;stronger;ADJ
6;When;ADV;will;VERB;you;PRON;stop;VERB;your;PRON;stupidity;NOUN
6;Where;ADV;is;VERB;my;PRON;red;ADJ;ball;NOUN;now;ADV
6;Where;ADV;is;VERB;the;DET;big;ADJ;blue;NOUN;bus;NOUN
6;Where;ADV;were;VERB;you;PRON;all;DET;this;DET;time;NOUN
6;Where;ADV;will;VERB;we;PRON;find;VERB;all;DET;this;DET
6;Which;DET;animal;NOUN;left;VERB;these;DET;eggs;NOUN;here;ADV
6;Who;PRON;is;VERB;afraid;VERB;of;ADP;the;DET;lion;NOUN
6;Why;ADV;do;VERB;you;PRON;have;VERB;red;VERB;eyes;NOUN
6;Will;VERB;we;PRON;crawl;VERB;on;ADP;our;PRON;bellies;NOUN
6;Wind;NOUN;had;VERB;an;DET;argument;NOUN;with;ADP;the;DET;trees;NOUN
6;Without;ADP;heads;NOUN;we;PRON;sleep;VERB;very;ADV;well;ADV
6;Yes;INT;mother;NOUN;I;PRON;understand;VERB;replied;VERB;Kisirusiru;NOUN
6;You;PRON;added;VERB;water;NOUN;in;ADP;my;PRON;milk;NOUN
6;You;PRON;have;VERB;eaten;VERB;all;DET;our;PRON;maize;NOUN
6;Your;PRON;basket;NOUN;This;DET;basket;NOUN;is;VERB;mine;ADJ
6;Your;PRON;parents;NOUN;will;VERB;pay;VERB;for;ADP;this;DET
6;Your;PRON;voice;NOUN;is;VERB;not;ADV;like;ADP;his;PRON
6;Yowza;INT;That;DET;is;VERB;a;DET;beautiful;ADJ;ball;NOUN;gown;NOUN
6;Zama;NOUN;is;VERB;getting;VERB;ready;ADJ;for;ADP;school;NOUN
7;A;DET;big;ADJ;truck;NOUN;was;VERB;driving;VERB;down;ADP;the;DET;hill;NOUN
7;A;DET;cow;NOUN;has;VERB;strong;ADJ;teeth;NOUN;for;ADP;grinding;VERB;food;NOUN
7;A;DET;policewoman;NOUN;opened;VERB;the;DET;door;NOUN;to;ADP;my;PRON;room;NOUN
7;Adhoch;NOUN;walked;VERB;into;ADP;the;DET;lake;NOUN;calling;VERB;her;PRON;sister;NOUN
7;Adie;NOUN;is;VERB;at;ADP;the;DET;lake;NOUN;with;ADP;her;PRON;friends;NOUN
7;After;ADP;a;DET;while;NOUN;he;PRON;called;VERB;his;PRON;doves;NOUN;again;ADV
7;After;ADP;many;ADJ;days;NOUN;he;PRON;came;VERB;to;ADP;a;DET;village;NOUN
7;After;ADP;the;DET;head;NOUN;left;VERB;Adun;NOUN;packed;VERB;her;PRON;things;NOUN
7;Ahh;INT;that;DET;feels;VERB;wonderful;NOUN
7;Akai;NOUN;and;CONJ;her;PRON;mother;NOUN;went;VERB;to;ADP;the;DET;market;NOUN
7;Alas;INT;I’m;NOUN;lost;VERB;in;ADP;the;DET;wilderness;NOUN
7;All;DET;of;ADP;us;PRON;went;VERB;to;ADP;the;DET;fun;NOUN;fair;NOUN
7;All;DET;the;DET;animals;NOUN;jumped;VERB;safely;ADV;over;ADP;the;DET;fire;NOUN
7;An;DET;ambulance;NOUN;and;CONJ;the;DET;police;NOUN;came;VERB;to;ADP;help;VERB
7;Anansi;NOUN;carried;VERB;the;DET;stories;NOUN;triumphantly;ADV;down;ADV;to;ADP;earth;VERB
7;Anansi;NOUN;replied;VERB;Sorry;NOUN;I;PRON;have;VERB;things;NOUN;to;ADP;do;VERB
7;And;CONJ;a;DET;fourth;ADJ;fifth;ADJ;sixth;ADJ;seventh;ADJ;eighth;ADJ;pull;NOUN
7;And;CONJ;when;ADV;the;DET;wind;NOUN;blows;VERB;the;DET;leaves;NOUN;sigh;VERB
7;At;ADP;night;NOUN;Akai;NOUN;thought;VERB;about;ADP;her;PRON;new;ADJ;shoes;NOUN
7;Atabo;NOUN;tried;VERB;to;ADP;stand;VERB;up;ADP;to;ADP;continue;VERB;home;NOUN
7;Aunt;NOUN;why;ADV;are;VERB;your;PRON;ears;NOUN;so;ADV;big;ADJ;today;NOUN
7;Aunt;NOUN;why;ADV;are;VERB;your;PRON;eyes;NOUN;so;ADV;big;ADJ;today;NOUN
7;Aunt;NOUN;why;ADV;is;VERB;your;PRON;mouth;NOUN;so;ADV;big;ADJ;today;NOUN
7;Bah;INT;That;DET;was;VERB;a;DET;total;ADJ;waste;NOUN;of;ADP;time;NOUN
7;But;CONJ;Anansi;NOUN;was;VERB;poor;ADJ;again;ADV;with;ADP;no;DET;friends;NOUN
7;But;CONJ;he;PRON;was;VERB;swept;VERB;away;ADV;by;ADP;the;DET;water;NOUN
7;But;CONJ;on;ADP;the;DET;way;NOUN;the;DET;paper;NOUN;got;VERB;torn;ADJ
7;But;CONJ;the;DET;sun;NOUN;did;VERB;not;ADV;listen;VERB;to;ADP;him;PRON
7;Congrats;INT;You;PRON;finally;ADV;got;VERB;your;PRON;Master’s;NOUN;degree;NOUN
7;Crikey;INT;Do;VERB;you;PRON;ever;ADV;think;VERB;before;ADP;you;PRON;speak;VERB
7;Do;VERB;you;PRON;see;VERB;why;ADV;the;DET;palm;NOUN;tree;NOUN;is;VERB;important;ADJ
7;Do;VERB;you;PRON;think;VERB;the;DET;sun;NOUN;needs;VERB;a;DET;hat;NOUN
7;Grrr;INT;I’m;NOUN;going;VERB;to;ADP;get;VERB;back;ADV;at;ADP;him;PRON;for;ADP;that;DET
7;Humph;INT;he;PRON;probably;ADV;cheated;VERB;to;ADP;make;VERB;such;ADJ;good;ADJ;grades;NOUN
7;Oh;INT;dear;NOUN;I;PRON;don’t;VERB;know;VERB;what;PRON;to;ADP;do;VERB;about;ADP;this;DET;mess;NOUN
7;Quickly;ADV;Crow;NOUN;flew;VERB;down;ADV;to;ADP;baby;VERB;elephant;ADJ
7;Rooster;NOUN;and;CONJ;his;PRON;family;NOUN;slept;VERB;very;ADV;well;ADV
7;Seven;NOUN;zebras;NOUN;are;VERB;running;VERB;to;ADP;the;DET;water;NOUN
7;She;PRON;also;ADV;likes;VERB;to;ADP;make;VERB;sand;NOUN;castles;NOUN
7;She;PRON;cleans;VERB;her;PRON;face;NOUN;with;ADP;blue;ADJ;soap;NOUN
7;She;PRON;could;VERB;not;ADV;see;VERB;where;ADV;it;PRON;ended;VERB
7;She;PRON;had;VERB;a;DET;question;NOUN;for;ADP;every;DET;animal;NOUN
7;She;PRON;hurries;VERB;to;ADP;her;PRON;school;NOUN;at;ADP;Mbala;NOUN
7;She;PRON;is;VERB;grateful;ADJ;for;ADP;the;DET;night;NOUN;past;NOUN
7;She;PRON;loves;VERB;to;ADP;play;VERB;with;ADP;paper;NOUN;boats;NOUN
7;She;PRON;planted;VERB;a;DET;large;ADJ;garden;NOUN;of;ADP;peas;NOUN
7;She;PRON;planted;VERB;a;DET;small;ADJ;garden;NOUN;of;ADP;peas;NOUN
7;She;PRON;puts;VERB;on;ADP;her;PRON;orange;ADJ;school;NOUN;uniform;NOUN
7;She;PRON;studied;VERB;plants;NOUN;and;CONJ;how;ADV;they;PRON;grow;VERB
7;She;PRON;studies;NOUN;Science;NOUN;Social;NOUN;Studies;NOUN;and;CONJ;Mathematics;NOUN
7;She;PRON;taught;VERB;me;PRON;the;DET;names;NOUN;of;ADP;plants;NOUN
7;She;PRON;thought;VERB;for;ADP;a;DET;while;NOUN
7;Shoot;INT;I;PRON;forgot;VERB;my;PRON;brother’s;ADJ;birthday;NOUN
7;Sinson;NOUN;replied;VERB;from;ADP;under;ADP;the;DET;big;ADJ;blanket;NOUN
7;So;ADV;Anansi;NOUN;went;VERB;down;ADV;to;ADP;earth;VERB;again;ADV
7;So;ADV;away;ADV;they;PRON;went;VERB;the;DET;third;ADJ;time;NOUN
7;So;ADV;he;PRON;took;VERB;a;DET;deep;ADJ;breath;NOUN;jumped;VERB
7;Some;DET;people;NOUN;gave;VERB;up;ADP;and;CONJ;went;VERB;home;NOUN
7;Soon;ADV;blood;NOUN;was;VERB;trickling;VERB;down;ADP;his;PRON;face;NOUN
7;Soon;ADV;Rabbit;NOUN;was;VERB;left;VERB;poor;ADJ;and;CONJ;homeless;NOUN
7;Sun;NOUN;sun;NOUN;please;NOUN;do;VERB;not;ADV;run;VERB;away;ADV
7;That;DET;lady;NOUN;is;VERB;having;VERB;her;PRON;hair;NOUN;done;VERB
7;The;DET;children;NOUN;never;ADV;fought;VERB;with;ADP;each;DET;other;ADJ
7;The;DET;clouds;NOUN;were;VERB;sad;ADJ;to;ADP;see;VERB;all;DET;this;DET
7;The;DET;deer;NOUN;could;VERB;not;ADV;see;VERB;the;DET;tigers;NOUN
7;The;DET;donkey;NOUN;and;CONJ;the;DET;ox;NOUN;were;VERB;friends;NOUN
7;The;DET;erotot;NOUN;took;VERB;off;ADP;one;ADJ;of;ADP;his;PRON;chains;NOUN
7;The;DET;hyena;NOUN;and;CONJ;the;DET;tortoise;NOUN;were;VERB;friends;NOUN
7;The;DET;hyena;NOUN;ran;VERB;to;ADP;the;DET;trees;NOUN;energetically;ADV
7;The;DET;mountains;NOUN;put;VERB;on;ADP;their;PRON;pretty;NOUN;green;ADJ;dresses;NOUN
7;The;DET;other;ADJ;rat;NOUN;lived;VERB;in;ADP;a;DET;house;NOUN
7;The;DET;seventh;ADJ;sun;NOUN;hid;NOUN;behind;ADP;a;DET;hill;NOUN
7;The;DET;shepherd;NOUN;loves;VERB;this;DET;cow;VERB;the;DET;most;ADV
7;The;DET;sun;NOUN;came;VERB;up;ADP;a;DET;little;ADJ;higher;ADJ
7;The;DET;tortoise;NOUN;struggled;VERB;slowly;ADV;up;ADP;the;DET;tree;NOUN
7;The;DET;whole;ADJ;world;NOUN;began;VERB;to;ADP;sink;VERB;under;ADP;water;NOUN
7;The;DET;woman;NOUN;looked;VERB;down;ADV;to;ADP;see;VERB;why;ADV;the;DET;baby;NOUN;was;VERB;laughing;VERB
7;The;DET;yolk;NOUN;of;ADP;an;DET;egg;NOUN;is;VERB;yellow;ADJ
7;Their;PRON;child;NOUN;was;VERB;a;DET;boy;NOUN;called;VERB;Kisirusiru;NOUN
7;Then;ADV;all;DET;the;DET;animals;NOUN;sang;VERB;Ata;NOUN;kalio;NOUN
7;There;PRON;also;ADV;lived;VERB;a;DET;family;NOUN;of;ADP;squirrels;NOUN
7;There;PRON;is;VERB;a;DET;beautiful;ADJ;cow;NOUN;at;ADP;home;NOUN
7;There;PRON;were;VERB;colourful;ADJ;lines;NOUN;in;ADP;the;DET;sky;NOUN
7;These;DET;men;NOUN;are;VERB;coming;VERB;back;ADV;from;ADP;work;NOUN
7;They;PRON;both;DET;woke;VERB;up;ADP;confused;ADJ;and;CONJ;frightened;VERB
7;They;PRON;complained;VERB;because;ADP;the;DET;bus;NOUN;was;VERB;late;ADJ
7;They;PRON;did;VERB;not;ADV;want;VERB;to;ADP;carry;VERB;me;PRON
7;They;PRON;found;VERB;a;DET;cave;NOUN;to;ADP;live;VERB;in;ADP
7;They;PRON;grew;VERB;limbs;NOUN;with;ADP;feet;NOUN;and;CONJ;toes;NOUN
7;They;PRON;reached;VERB;the;DET;end;NOUN;of;ADP;their;PRON;journey;NOUN
7;They;PRON;saw;VERB;three;ADJ;men;NOUN;with;ADP;huge;ADJ;sacks;NOUN
7;They;PRON;summoned;VERB;Anansi;NOUN;and;CONJ;the;DET;Vulture;NOUN;again;ADV
7;They;PRON;threw;VERB;their;PRON;leaves;NOUN;all;DET;over;ADP;the;DET;place;NOUN
7;They;PRON;waited;VERB;for;ADP;the;DET;big;ADJ;blue;NOUN;bus;NOUN
7;This;DET;tree;NOUN;lives;VERB;when;ADV;everything;NOUN;else;ADV;is;VERB;dry;ADJ
7;Today;NOUN;I;PRON;am;VERB;not;ADV;going;VERB;to;ADP;school;NOUN
7;Toloto;NOUN;Akai;NOUN;ka;NOUN;itokeng;NOUN;ni;NOUN;imucuo;NOUN;usese;ADJ
7;We;PRON;are;VERB;playing;VERB;far;ADV;from;ADP;the;DET;house;NOUN
7;We;PRON;eat;VERB;fruit;NOUN;from;ADP;the;DET;palm;NOUN;tree;NOUN
7;We;PRON;eat;VERB;many;ADJ;different;ADJ;kinds;NOUN;of;ADP;food;NOUN
7;We;PRON;had;VERB;to;ADP;tell;VERB;her;PRON;the;DET;truth;NOUN
7;We;PRON;use;VERB;palm;ADJ;tree;NOUN;seeds;NOUN;for;ADP;fuel;NOUN
7;We;PRON;will;VERB;have;VERB;it;PRON;for;ADP;supper;NOUN;tonight;NOUN
7;We;PRON;will;VERB;not;ADV;crawl;VERB;we;PRON;will;VERB;walk;VERB
7;What;PRON;can;VERB;I;PRON;do;VERB;about;ADP;my;PRON;skin;NOUN
7;What;PRON;disease;NOUN;have;VERB;you;PRON;brought;VERB;to;ADP;us;PRON
7;What;PRON;is;VERB;this;DET;dark;ADJ;thing;NOUN;following;VERB;you;PRON
7;When;ADV;I;PRON;stop;VERB;spinning;VERB;I;PRON;look;VERB;around;ADP
7;When;ADV;mother;NOUN;grew;VERB;older;ADJ;her;PRON;back;NOUN;bent;NOUN
7;When;ADV;mother;NOUN;was;VERB;younger;ADJ;we;PRON;visited;VERB;her;PRON;friends;NOUN
7;Whenever;ADV;she;PRON;came;VERB;she;PRON;sang;VERB;the;DET;song;NOUN
7;Who;PRON;makes;VERB;it;PRON;happen;VERB
7;Why;ADV;do;VERB;you;PRON;have;VERB;a;DET;long;ADJ;neck;NOUN
7;Yes;INT;now;ADV;I;PRON;can;VERB;hear;VERB;my;PRON;breath;NOUN
7;You;PRON;see;VERB;the;DET;goodies;NOUN;we;PRON;eat;VERB;here;ADV
7;You;PRON;swim;VERB;much;ADV;faster;ADJ;than;ADP;I;PRON;do;VERB
7;You;PRON;will;VERB;learn;VERB;to;ADP;like;VERB;the;DET;night;NOUN
7;Your;PRON;friend;NOUN;was;VERB;lucky;ADJ
7;Yowza;INT;That;DET;is;VERB;a;DET;beautiful;ADJ;ball;NOUN;gown;NOUN
8;Ahh;INT;that;DET;feels;VERB;wonderful;NOUN
8;Alas;INT;I’m;NOUN;lost;VERB;in;ADP;the;DET;wilderness;NOUN
8;Bah;INT;That;DET;was;VERB;a;DET;total;ADJ;waste;NOUN;of;ADP;time;NOUN
8;Congrats;INT;You;PRON;finally;ADV;got;VERB;your;PRON;Master’s;NOUN;degree;NOUN
8;Crikey;INT;Do;VERB;you;PRON;ever;ADV;think;VERB;before;ADP;you;PRON;speak;VERB
8;Elephant;NOUN;fell;VERB;over;ADV;hard;ADJ;and;CONJ;hit;VERB;a;DET;tree;NOUN
8;Every;DET;day;NOUN;is;VERB;a;DET;bad;ADJ;day;NOUN;for;ADP;you;PRON
8;Excuse;ADP;me;PRON;Anansi;NOUN;did;VERB;I;PRON;hear;VERB;you;PRON;right;ADJ
8;Finally;ADV;a;DET;rooster;NOUN;offered;VERB;to;ADP;call;VERB;the;DET;sun;NOUN
8;Finally;ADV;he;PRON;dozed;VERB;off;ADP;and;CONJ;went;VERB;fast;ADV;asleep;ADJ
8;Finally;ADV;the;DET;web;NOUN;strings;NOUN;could;VERB;hold;VERB;no;ADV;longer;ADJ
8;Fox;NOUN;jumped;VERB;and;CONJ;the;DET;fire;NOUN;caught;VERB;his;PRON;tail;NOUN
8;Grrr;INT;I’m;NOUN;going;VERB;to;ADP;get;VERB;back;ADV;at;ADP;him;PRON;for;ADP;that;DET
8;Hamisi;NOUN;sees;VERB;a;DET;boy;NOUN;wearing;VERB;a;DET;beautiful;ADJ;shirt;NOUN
8;Hare;NOUN;ran;NOUN;and;CONJ;hid;NOUN;himself;PRON;in;ADP;a;DET;tree;NOUN
8;He;PRON;and;CONJ;his;PRON;new;ADJ;friend;NOUN;talked;VERB;until;ADP;morning;NOUN
8;He;PRON;asked;VERB;them;PRON;to;ADP;wait;VERB;for;ADP;him;PRON;there;PRON
8;He;PRON;carefully;ADV;covered;VERB;his;PRON;bottom;NOUN;with;ADP;sticky;ADJ;beeswax;NOUN
8;He;PRON;did;VERB;the;DET;same;ADJ;thing;NOUN;the;DET;next;ADJ;day;NOUN
8;He;PRON;drove;VERB;away;ADV;without;ADP;giving;VERB;Dog;NOUN;his;PRON;change;NOUN
8;He;PRON;enjoyed;VERB;grazing;VERB;the;DET;animals;NOUN;in;ADP;the;DET;fields;NOUN
8;He;PRON;felt;VERB;he;PRON;could;VERB;not;ADV;live;VERB;without;ADP;her;PRON
8;He;PRON;grabbed;VERB;Demazane;NOUN;before;ADP;she;PRON;could;VERB;run;VERB;away;ADP
8;He;PRON;had;VERB;planned;VERB;to;ADP;make;VERB;Monkey;NOUN;look;VERB;foolish;ADJ
8;He;PRON;is;VERB;surprised;ADJ;when;ADV;he;PRON;gets;VERB;the;DET;change;NOUN
8;He;PRON;kept;VERB;it;PRON;safe;ADJ;in;ADP;a;DET;clay;NOUN;pot;NOUN
8;He;PRON;knew;VERB;he;PRON;could;VERB;easily;ADV;slip;VERB;and;CONJ;fall;VERB
8;He;PRON;let;VERB;the;DET;baby;NOUN;play;NOUN;with;ADP;his;PRON;chains;NOUN
8;He;PRON;opened;VERB;and;CONJ;closed;VERB;his;PRON;eyes;NOUN;many;ADJ;times;NOUN
8;He;PRON;saw;VERB;more;ADV;people;NOUN;at;ADP;the;DET;bus;NOUN;stop;NOUN
8;He;PRON;shared;VERB;the;DET;room;NOUN;with;ADP;two;ADJ;other;ADJ;boys;NOUN
8;He;PRON;watched;VERB;when;ADV;mother;NOUN;came;VERB;to;ADP;feed;VERB;Atabo;NOUN
8;He;PRON;went;VERB;closer;ADJ;and;CONJ;closer;ADV;to;ADP;the;DET;rock;NOUN
8;High;ADJ;up;ADP;there;PRON;the;DET;birds;NOUN;are;VERB;flying;VERB;home;NOUN
8;Honey;NOUN;covered;VERB;him;PRON;completely;ADV;so;ADP;he;PRON;was;VERB;hidden;VERB
8;How;ADV;did;VERB;you;PRON;do;VERB;this;DET;without;ADP;a;DET;fire;NOUN
8;Humph;INT;he;PRON;probably;ADV;cheated;VERB;to;ADP;make;VERB;such;ADJ;good;ADJ;grades;NOUN
8;Hyena;NOUN;swore;VERB;that;ADP;he;PRON;would;VERB;never;ADV;again;ADV;steal;ADJ
8;I;PRON;breathe;VERB;in;ADP;and;CONJ;out;ADP;in;ADP;and;CONJ;out;ADP
8;I;PRON;found;VERB;it;PRON;here;ADV;on;ADP;the;DET;road;NOUN;side;NOUN
8;I;PRON;got;VERB;into;ADP;a;DET;car;NOUN;with;ADP;the;DET;policewoman;NOUN
8;I;PRON;think;VERB;she;PRON;bought;VERB;them;PRON;in;ADP;town;NOUN;today;NOUN
8;I;PRON;want;VERB;my;PRON;people;NOUN;to;ADP;see;VERB;the;DET;night;NOUN
8;In;ADP;a;DET;nearby;ADJ;village;NOUN;lived;VERB;a;DET;timid;ADJ;tortoise;NOUN
8;In;ADP;Turkana;NOUN;County;NOUN;people;NOUN;keep;VERB;many;ADJ;different;ADJ;animals;NOUN
8;It;PRON;has;VERB;only;ADV;one;ADJ;horn;NOUN;and;CONJ;no;DET;tail;NOUN
8;It;PRON;has;VERB;red;VERB;blue;ADJ;orange;NOUN;and;CONJ;green;ADJ;colours;NOUN
8;It;PRON;was;VERB;in;ADP;the;DET;town;NOUN;many;ADJ;kilometres;VERB;away;ADV
8;Just;ADV;like;ADP;my;PRON;grandmother;NOUN;used;VERB;to;ADP;make;VERB;it;PRON
8;Khalai;NOUN;talks;NOUN;to;ADP;the;DET;hedge;NOUN;round;VERB;her;PRON;school;NOUN
8;Khalai;NOUN;talks;NOUN;to;ADP;the;DET;tree;NOUN;at;ADP;her;PRON;school;NOUN
8;Kisirusiru;NOUN;and;CONJ;his;PRON;mother;NOUN;climbed;VERB;down;ADP;the;DET;tree;NOUN
8;Little;ADJ;Ant;NOUN;had;VERB;no;DET;water;NOUN;for;ADP;many;ADJ;days;NOUN
8;Long;ADV;ago;ADV;there;PRON;was;VERB;a;DET;foolish;ADJ;lazy;NOUN;jackal;NOUN
8;Maid;NOUN;Kakembo;NOUN;was;VERB;very;ADV;close;ADV;to;ADP;princess;VERB;Apenyo;NOUN
8;Man;NOUN;suddenly;ADV;found;VERB;himself;PRON;up;ADP;a;DET;tall;ADJ;tree;NOUN
8;Meanwhile;ADV;the;DET;owner;NOUN;of;ADP;the;DET;house;NOUN;was;VERB;furious;ADJ
8;Monkey;NOUN;did;VERB;not;ADV;know;VERB;what;PRON;was;VERB;going;VERB;on;ADP
8;Monkey;NOUN;will;VERB;come;VERB;to;ADP;eat;VERB;your;PRON;maize;NOUN;today;NOUN
8;Mother;NOUN;Sun;NOUN;decided;VERB;to;ADP;visit;VERB;her;PRON;sister;NOUN;the;DET;moon;NOUN
8;Muthoni;NOUN;and;CONJ;I;PRON;would;VERB;play;VERB;hide;NOUN;and;CONJ;seek;NOUN
8;My;PRON;friends;NOUN;this;DET;dark;ADJ;thing;NOUN;is;VERB;called;VERB;night;NOUN
8;My;PRON;wet;NOUN;body;NOUN;feels;NOUN;so;ADV;cool;ADJ;cool;ADJ;cool;NOUN
8;Oh;INT;dear;NOUN;I;PRON;don’t;VERB;know;VERB;what;PRON;to;ADP;do;VERB;about;ADP;this;DET;mess;NOUN
8;Oh;INT;let;VERB;me;PRON;help;VERB;you;PRON;my;PRON;dear;ADJ;friend;NOUN
8;On;ADP;the;DET;way;NOUN;she;PRON;talks;VERB;to;ADP;the;DET;grass;NOUN
8;Once;ADV;upon;ADP;a;DET;time;NOUN;there;ADV;lived;VERB;two;ADJ;rats;NOUN
8;One;ADJ;day;NOUN;come;VERB;and;CONJ;visit;VERB;me;PRON;and;CONJ;see;VERB
8;One;ADJ;day;NOUN;Hare;NOUN;was;VERB;out;ADP;looking;VERB;for;ADP;food;NOUN
8;One;ADJ;elephant;NOUN;is;VERB;drinking;VERB;water;NOUN;with;ADP;the;DET;lion;NOUN
8;One;ADJ;night;NOUN;Hare;NOUN;visited;VERB;Rooster;NOUN;and;CONJ;his;PRON;family;NOUN
8;Opio;NOUN;was;VERB;very;ADV;thirsty;ADJ;so;ADP;he;PRON;drank;VERB;some;DET
8;Rooster;NOUN;decided;VERB;to;ADP;play;VERB;a;DET;joke;NOUN;on;ADP;Hare;NOUN
8;Rooster;NOUN;stepped;VERB;forward;ADV;and;CONJ;gently;ADV;crowed;VERB;Kookoodokoo;NOUN;koo;NOUN
8;She;PRON;brushes;VERB;her;PRON;teeth;NOUN;with;ADP;the;DET;lughano;NOUN;stem;NOUN
8;She;PRON;drowned;VERB;in;ADP;the;DET;same;ADJ;way;NOUN;as;ADP;Adie;NOUN
8;She;PRON;got;VERB;many;ADJ;presents;NOUN;for;ADP;her;PRON;hard;ADJ;work;NOUN
8;She;PRON;had;VERB;nobody;NOUN;to;ADP;take;VERB;care;NOUN;of;ADP;her;PRON
8;She;PRON;had;VERB;to;ADP;do;VERB;all;DET;the;DET;work;NOUN;herself;NOUN
8;She;PRON;is;VERB;going;VERB;out;ADP;with;ADP;her;PRON;friends;NOUN;tonight;NOUN
8;She;PRON;kissed;VERB;the;DET;moon;NOUN;goodbye;NOUN;and;CONJ;went;VERB;home;NOUN
8;She;PRON;knows;VERB;she;PRON;paid;VERB;her;PRON;fare;NOUN;in;ADP;full;ADJ
8;She;PRON;lets;VERB;the;DET;children;NOUN;watch;VERB;television;NOUN;at;ADP;her;PRON;shop;NOUN
8;She;PRON;opened;VERB;the;DET;door;NOUN;and;CONJ;let;VERB;him;PRON;in;ADP
8;She;PRON;passed;VERB;her;PRON;exams;NOUN;and;CONJ;received;VERB;more;ADJ;presents;NOUN
8;She;PRON;pressed;VERB;tiny;ADJ;seeds;NOUN;into;ADP;the;DET;warm;ADJ;earth;NOUN
8;She;PRON;put;VERB;the;DET;oily;ADJ;cakes;NOUN;into;ADP;the;DET;horn;NOUN
8;She;PRON;runs;VERB;for;ADP;her;PRON;life;NOUN;and;CONJ;screams;NOUN;Help;VERB
8;She;PRON;took;VERB;me;PRON;home;NOUN;to;ADP;my;PRON;worried;ADJ;parents;NOUN
8;She;PRON;wanted;VERB;them;PRON;to;ADP;be;VERB;happy;ADJ;and;CONJ;free;ADJ
8;She;PRON;wanted;VERB;to;ADP;know;VERB;more;ADJ;about;ADP;the;DET;world;NOUN
8;Shoot;INT;I;PRON;forgot;VERB;my;PRON;brother’s;ADJ;birthday;NOUN
8;So;ADP;the;DET;woman;NOUN;came;VERB;down;ADV;from;ADP;the;DET;tree;NOUN
8;So;ADV;Baby;NOUN;Elephant;NOUN;bent;VERB;down;ADV;lower;ADJ;and;CONJ;lower;ADJ
8;So;ADV;he;PRON;went;VERB;to;ADP;look;VERB;for;ADP;the;DET;river;NOUN
8;Sometimes;ADV;they;PRON;were;VERB;arrested;VERB;sometimes;ADV;they;PRON;were;VERB;beaten;VERB
8;Soon;ADV;the;DET;drizzle;NOUN;turned;VERB;into;ADP;a;DET;heavy;ADJ;downpour;NOUN
8;That;DET;is;VERB;a;DET;very;ADV;fine;ADJ;shirt;NOUN;thinks;NOUN;Hamisi;NOUN
8;That;DET;is;VERB;Ms;NOUN;Phone;NOUN;and;CONJ;her;PRON;five;ADJ;cellphones;NOUN
8;That;DET;night;NOUN;Apenyo;NOUN;crept;VERB;out;ADP;of;ADP;the;DET;palace;NOUN
8;The;DET;army;NOUN;of;ADP;bubbles;NOUN;chases;VERB;the;DET;germs;NOUN;away;ADP
8;The;DET;driver;NOUN;asked;VERB;them;PRON;to;ADP;pay;VERB;their;PRON;fares;NOUN
8;The;DET;elephant;NOUN;was;VERB;sent;VERB;out;ADP;as;ADP;a;DET;guard;NOUN
8;The;DET;farmer;NOUN;was;VERB;talking;VERB;to;ADP;his;PRON;wife;NOUN;today;NOUN
8;The;DET;Hare;NOUN;family;NOUN;decided;VERB;to;ADP;try;VERB;it;PRON;themselves;PRON
8;The;DET;men;NOUN;continued;VERB;to;ADP;disagree;VERB;and;CONJ;started;VERB;fighting;VERB
8;Yowza;INT;That;DET;is;VERB;a;DET;beautiful;ADJ;ball;NOUN;gown;NOUN
9;A;DET;glass;NOUN;on;ADP;a;DET;windowsill;NOUN;crashes;NOUN;to;ADP;the;DET;ground;NOUN
9;A;DET;woman;NOUN;with;ADP;her;PRON;baby;NOUN;went;VERB;into;ADP;the;DET;forest;NOUN
9;Adhoch;NOUN;studied;VERB;and;CONJ;played;VERB;when;ADV;Adie;NOUN;was;VERB;busy;ADJ;working;VERB
9;Adie;NOUN;was;VERB;hard;ADJ;working;VERB;neat;NOUN;kind;NOUN;and;CONJ;well;ADV;behaved;VERB
9;Adun;NOUN;was;VERB;scared;VERB;but;CONJ;she;PRON;did;VERB;not;ADV;run;VERB;away;ADV
9;Ahh;INT;that;DET;feels;VERB;wonderful;NOUN
9;Akai;NOUN;and;CONJ;her;PRON;mother;NOUN;went;VERB;into;ADP;a;DET;shoe;NOUN;shop;NOUN
9;Alas;INT;I’m;NOUN;lost;VERB;in;ADP;the;DET;wilderness;NOUN
9;Altogether;ADV;there;PRON;were;VERB;ten;ADJ;children;NOUN;living;VERB;at;ADP;that;DET;house;NOUN
9;Anansi;NOUN;was;VERB;too;ADV;lazy;ADJ;to;ADP;cook;VERB;his;PRON;own;ADJ;food;NOUN
9;And;CONJ;he;PRON;put;VERB;the;DET;bag;NOUN;carefully;ADV;in;ADP;his;PRON;hut;NOUN
9;And;CONJ;they;PRON;walked;VERB;out;ADP;together;ADV;into;ADP;their;PRON;new;ADJ;world;NOUN
9;As;ADP;she;PRON;went;VERB;out;ADP;the;DET;door;NOUN;she;PRON;hugged;VERB;me;PRON
9;As;ADP;they;PRON;sang;VERB;each;DET;bird;NOUN;pecked;VERB;out;ADP;an;DET;eye;NOUN
9;At;ADP;bedtime;NOUN;we;PRON;chop;VERB;off;ADP;our;PRON;heads;NOUN
9;At;ADP;the;DET;American;NOUN;university;NOUN;Wangari;NOUN;learnt;VERB;many;ADJ;new;ADJ;things;NOUN
9;At;ADP;the;DET;bottom;NOUN;of;ADP;this;DET;pool;NOUN;were;VERB;two;ADJ;snakes;NOUN
9;Atabo;NOUN;would;VERB;open;VERB;the;DET;door;NOUN;and;CONJ;receive;VERB;the;DET;food;NOUN
9;Bah;INT;That;DET;was;VERB;a;DET;total;ADJ;waste;NOUN;of;ADP;time;NOUN
9;Bontle;NOUN;and;CONJ;Mpho;NOUN;and;CONJ;Lerato;NOUN;go;VERB;out;ADP;and;CONJ;play;VERB
9;But;CONJ;Crocodile;NOUN;did;VERB;not;ADV;let;VERB;go;VERB;of;ADP;her;PRON;nose;ADJ
9;But;CONJ;he;PRON;did;VERB;not;ADV;listen;VERB;to;ADP;any;DET;of;ADP;them;PRON
9;But;CONJ;I;PRON;am;VERB;so;ADV;tiny;ADJ;what;PRON;can;VERB;I;PRON;do;VERB
9;But;CONJ;one;ADJ;day;NOUN;Muthoni;NOUN;did;VERB;not;ADV;come;VERB;to;ADP;school;NOUN
9;But;CONJ;soon;ADV;it;PRON;is;VERB;ready;ADJ;for;ADP;me;PRON;to;ADP;sip;VERB
9;But;CONJ;then;ADV;he;PRON;crashed;VERB;down;ADV;on;ADP;the;DET;sleeping;NOUN;Lion;NOUN
9;Can;VERB;you;PRON;tell;VERB;me;PRON;what;PRON;Crocodile;NOUN;eats;VERB;for;ADP;dinner;NOUN
9;Come;NOUN;back;ADV;and;CONJ;shine;NOUN;on;ADP;us;PRON;roared;VERB;the;DET;lion;NOUN
9;Congrats;INT;You;PRON;finally;ADV;got;VERB;your;PRON;Master’s;NOUN;degree;NOUN
9;Crikey;INT;Do;VERB;you;PRON;ever;ADV;think;VERB;before;ADP;you;PRON;speak;VERB
9;Crocodile;NOUN;chased;VERB;Dog;NOUN;all;DET;the;DET;way;NOUN;to;ADP;the;DET;river;NOUN
9;Crocodile;NOUN;stormed;VERB;inside;ADJ;and;CONJ;hit;VERB;Dog;NOUN;with;ADP;her;PRON;tail;NOUN
9;Do;VERB;you;PRON;know;VERB;the;DET;seven;ADJ;colours;NOUN;of;ADP;the;DET;rainbow;NOUN
9;Each;DET;evening;NOUN;Demane;NOUN;brought;VERB;back;ADP;something;NOUN;he;PRON;had;VERB;killed;VERB
9;Ebei;NOUN;and;CONJ;his;PRON;mother;NOUN;walked;VERB;to;ADP;the;DET;bus;NOUN;stop;NOUN
9;Even;ADV;more;ADV;people;NOUN;were;VERB;running;VERB;to;ADP;catch;VERB;the;DET;bus;NOUN
9;Eventually;ADV;Adun;NOUN;consulted;VERB;a;DET;diviner;NOUN;about;ADP;what;PRON;to;ADP;do;VERB
9;Finally;ADV;they;PRON;saw;VERB;beehives;NOUN;in;ADP;trees;NOUN;on;ADP;a;DET;hill;NOUN
9;Five;ADJ;antelopes;NOUN;and;CONJ;warthogs;NOUN;are;VERB;walking;VERB;to;ADP;the;DET;water;NOUN
9;For;ADP;this;DET;reason;NOUN;the;DET;owner;NOUN;valued;VERB;it;PRON;a;DET;lot;NOUN
9;Goat;NOUN;runs;VERB;away;ADV;from;ADP;the;DET;sound;NOUN;of;ADP;a;DET;car;NOUN
9;Grrr;INT;I’m;NOUN;going;VERB;to;ADP;get;VERB;back;ADV;at;ADP;him;PRON;for;ADP;that;DET
9;Hamisi;NOUN;I;PRON;have;VERB;to;ADP;buy;VERB;your;PRON;uniform;NOUN;says;VERB;dad;NOUN
9;Hare;NOUN;asked;VERB;Elephant;NOUN;Please;NOUN;be;VERB;kind;NOUN;and;CONJ;carry;VERB;me;PRON
9;Hare;NOUN;was;VERB;not;ADV;able;ADJ;to;ADP;sleep;VERB;the;DET;whole;ADJ;night;NOUN
9;He;PRON;blew;VERB;gently;ADV;on;ADP;her;PRON;and;CONJ;she;PRON;came;VERB;alive;ADJ
9;He;PRON;closed;VERB;the;DET;door;NOUN;and;CONJ;opened;VERB;the;DET;bag;NOUN;himself;PRON
9;He;PRON;did;VERB;not;ADV;know;VERB;how;ADV;to;ADP;read;VERB;the;DET;words;NOUN
9;He;PRON;fell;VERB;into;ADP;the;DET;river;NOUN;right;NOUN;among;ADP;the;DET;crocodiles;NOUN
9;He;PRON;had;VERB;a;DET;deep;ADJ;scar;NOUN;across;ADP;half;DET;his;PRON;face;NOUN
9;He;PRON;had;VERB;no;DET;uncle;NOUN;or;CONJ;aunt;NOUN;to;ADP;run;VERB;to;ADP
9;He;PRON;is;VERB;the;DET;one;NOUN;who;PRON;invited;VERB;me;PRON
9;He;PRON;met;VERB;Elephant;NOUN;who;PRON;had;VERB;a;DET;pot;NOUN;of;ADP;honey;NOUN
9;He;PRON;took;VERB;a;DET;deep;ADJ;breath;NOUN;then;ADV;he;PRON;was;VERB;gone;VERB
9;He;PRON;was;VERB;serious;ADJ;and;CONJ;patient;ADJ;never;ADV;rude;VERB;or;CONJ;disrespectful;ADJ
9;He;PRON;was;VERB;very;ADV;violent;ADJ;to;ADP;anyone;NOUN;who;PRON;disobeyed;VERB;him;PRON
9;Her;PRON;favourite;ADJ;time;NOUN;of;ADP;day;NOUN;was;VERB;just;ADV;after;ADP;sunset;NOUN
9;Her;PRON;grandchildren;NOUN;went;VERB;to;ADP;visit;VERB;her;PRON;during;ADP;holiday;NOUN;time;NOUN
9;His;PRON;hair;NOUN;was;VERB;long;ADJ;and;CONJ;fell;VERB;on;ADP;his;PRON;back;NOUN
9;His;PRON;hard;ADJ;new;ADJ;shell;NOUN;of;ADP;honey;NOUN;could;VERB;protect;VERB;him;PRON
9;His;PRON;skin;NOUN;was;VERB;burnt;ADJ;and;CONJ;his;PRON;tail;NOUN;came;VERB;off;ADP
9;Humph;INT;he;PRON;probably;ADV;cheated;VERB;to;ADP;make;VERB;such;ADJ;good;ADJ;grades;NOUN
9;I;PRON;am;VERB;waiting;VERB;for;ADP;you;PRON;here;ADV;outside;ADP;our;PRON;house;NOUN
9;I;PRON;know;VERB;already;ADV;I;PRON;know;VERB
9;Oh;INT;dear;NOUN;I;PRON;don’t;VERB;know;VERB;what;PRON;to;ADP;do;VERB;about;ADP;this;DET;mess;NOUN
9;Shoot;INT;I;PRON;forgot;VERB;my;PRON;brother’s;ADJ;birthday;NOUN
9;The;DET;men;NOUN;were;VERB;furious;ADJ;especially;ADV;the;DET;ugly;ADJ;leader;NOUN
9;The;DET;milk;NOUN;in;ADP;my;PRON;cup;NOUN;is;VERB;too;ADV;hot;ADJ
9;The;DET;next;ADJ;day;NOUN;the;DET;two;ADJ;animals;NOUN;met;VERB;again;ADV
9;The;DET;owners;NOUN;caught;VERB;him;PRON;and;CONJ;started;VERB;beating;VERB;him;PRON
9;The;DET;rooster;NOUN;crowed;VERB;again;ADV;this;DET;time;NOUN;more;ADV;boldly;ADV
9;The;DET;shade;NOUN;from;ADP;a;DET;palm;NOUN;tree;NOUN;is;VERB;always;ADV;cool;ADJ
9;The;DET;sound;NOUN;of;ADP;the;DET;chains;NOUN;on;ADP;his;PRON;neck;NOUN;woke;VERB;the;DET;baby;NOUN
9;The;DET;step;NOUN;sisters;NOUN;loved;VERB;each;DET;other;ADJ;very;ADV;much;ADJ
9;The;DET;tips;NOUN;of;ADP;their;PRON;tails;NOUN;split;VERB;into;ADP;two;ADJ
9;The;DET;wind;NOUN;blows;VERB;me;PRON;away;ADV;from;ADP;the;DET;kite;NOUN
9;The;DET;wisdom;NOUN;was;VERB;free;ADJ;for;ADP;everyone;NOUN;to;ADP;share;NOUN
9;The;DET;yellow;ADJ;one;NOUN;is;VERB;for;ADP;communicating;VERB;with;ADP;family;NOUN
9;Then;ADV;I;PRON;can;VERB;have;VERB;it;PRON;all;DET;to;ADP;myself;VERB
9;Then;ADV;Jackal;NOUN;saw;VERB;a;DET;log;NOUN;across;ADP;the;DET;path;NOUN
9;Then;ADV;one;ADJ;day;NOUN;there;PRON;was;VERB;a;DET;great;ADJ;storm;NOUN
9;Then;ADV;this;DET;man;NOUN;joined;VERB;all;DET;the;DET;parts;NOUN;together;ADV
9;Then;ADV;we;PRON;took;VERB;off;ADP;our;PRON;shirts;NOUN;and;CONJ;skirts;NOUN
9;They;PRON;arrived;VERB;at;ADP;the;DET;house;NOUN;of;ADP;the;DET;head;NOUN
9;They;PRON;discussed;VERB;the;DET;story;NOUN;for;ADP;a;DET;long;ADJ;time;NOUN
9;They;PRON;must;VERB;get;VERB;home;NOUN;before;ADP;it;PRON;is;VERB;dark;ADJ
9;They;PRON;realised;VERB;that;ADP;the;DET;young;ADJ;lovers;NOUN;had;VERB;escaped;VERB
9;They;PRON;welcomed;VERB;each;DET;day;NOUN;just;ADV;as;ADP;it;PRON;came;VERB
9;They;PRON;will;VERB;lay;VERB;eggs;NOUN;for;ADP;her;PRON;to;ADP;eat;VERB
9;They;PRON;would;VERB;travel;VERB;in;ADP;the;DET;big;ADJ;blue;NOUN;bus;NOUN
9;This;DET;is;VERB;the;DET;day;NOUN;we;PRON;were;VERB;waiting;VERB;for;ADP
9;This;DET;man;NOUN;did;VERB;not;ADV;care;VERB;about;ADP;the;DET;child;NOUN
9;This;DET;time;NOUN;he;PRON;set;VERB;a;DET;trap;NOUN;with;ADP;sugar;NOUN
9;Thomas;NOUN;came;VERB;up;ADV;and;CONJ;sat;VERB;next;ADJ;to;ADP;him;PRON
9;Today;NOUN;I;PRON;am;VERB;not;ADV;going;VERB;to;ADP;watch;VERB;TV;NOUN
9;Today;NOUN;was;VERB;a;DET;very;ADV;bad;ADJ;day;NOUN;for;ADP;me;PRON
9;We;PRON;decided;VERB;to;ADP;stop;VERB;and;CONJ;face;VERB;the;DET;stranger;NOUN
9;We;PRON;make;VERB;brooms;NOUN;and;CONJ;mats;NOUN;from;ADP;palm;NOUN;leaves;NOUN
9;We;PRON;returned;VERB;home;ADV;without;ADP;salt;NOUN;or;CONJ;cooking;NOUN;oil;NOUN
9;We;PRON;slowed;VERB;down;ADV;to;ADP;look;VERB;at;ADP;the;DET;man;NOUN
9;We;PRON;use;VERB;palm;ADJ;leaves;NOUN;to;ADP;thatch;VERB;our;PRON;houses;NOUN
9;We;PRON;will;VERB;make;VERB;our;PRON;home;NOUN;in;ADP;the;DET;hills;NOUN
9;What;PRON;shall;VERB;I;PRON;do;VERB
9;When;ADV;Kalabushe;NOUN;arrived;VERB;the;DET;house;NOUN;was;VERB;very;ADV;quiet;ADJ
9;Where;ADV;do;VERB;you;PRON;put;VERB;your;PRON;heads;NOUN;at;ADP;night;NOUN
9;Why;ADV;does;VERB;your;PRON;horn;NOUN;have;VERB;a;DET;sharp;ADJ;point;NOUN
9;Women;NOUN;had;VERB;no;DET;wood;NOUN;to;ADP;make;VERB;cooking;NOUN;fires;NOUN
9;You;PRON;are;VERB;afraid;ADJ;and;CONJ;I;PRON;was;VERB;afraid;ADJ;too;ADV
9;Yowza;INT;That;DET;is;VERB;a;DET;beautiful;ADJ;ball;NOUN;gown;NOUN
10;Ahh;INT;that;DET;feels;VERB;wonderful;NOUN
10;Alas;INT;I’m;NOUN;lost;VERB;in;ADP;the;DET;wilderness;NOUN
10;Bah;INT;That;DET;was;VERB;a;DET;total;ADJ;waste;NOUN;of;ADP;time;NOUN
10;Congrats;INT;You;PRON;finally;ADV;got;VERB;your;PRON;Master’s;NOUN;degree;NOUN
10;Crikey;INT;Do;VERB;you;PRON;ever;ADV;think;VERB;before;ADP;you;PRON;speak;VERB
10;Grrr;INT;I’m;NOUN;going;VERB;to;ADP;get;VERB;back;ADV;at;ADP;him;PRON;for;ADP;that;DET
10;Humph;INT;he;PRON;probably;ADV;cheated;VERB;to;ADP;make;VERB;such;ADJ;good;ADJ;grades;NOUN
10;I;PRON;am;VERB;waiting;VERB;with;ADP;my;PRON;mother;NOUN;for;ADP;a;DET;taxi;NOUN
10;I;PRON;can;VERB;not;ADV;see;VERB;it;PRON;but;CONJ;I;PRON;hear;VERB;its;PRON;din;NOUN
10;I;PRON;must;VERB;go;VERB;to;ADP;the;DET;river;NOUN;I;PRON;heard;VERB;about;ADP
10;I;PRON;think;VERB;someone;NOUN;is;VERB;pouring;VERB;paint;NOUN;from;ADP;the;DET;sky;NOUN
10;I;PRON;will;VERB;not;ADV;be;VERB;able;ADJ;to;ADP;get;VERB;my;PRON;uniform;NOUN
10;I;PRON;will;VERB;take;VERB;you;PRON;home;VERB;to;ADP;meet;VERB;my;PRON;father;NOUN
10;I;PRON;will;VERB;wait;VERB;until;ADP;she;PRON;comes;VERB;back;ADV;to;ADP;drink;VERB
10;If;ADP;Magozwe;NOUN;complained;VERB;or;CONJ;questioned;VERB;his;PRON;uncle;NOUN;beat;VERB;him;PRON
10;If;ADP;you;PRON;look;VERB;back;ADV;the;DET;night;NOUN;will;VERB;go;VERB;away;ADP
10;Imagine;NOUN;how;ADV;the;DET;meat;NOUN;looked;VERB;when;ADV;it;PRON;reached;VERB;home;NOUN
10;It;PRON;is;VERB;a;DET;beautiful;ADJ;sheet;NOUN;hanging;VERB;from;ADP;the;DET;sky;NOUN
10;It;PRON;was;VERB;a;DET;very;ADV;hot;ADJ;Saturday;NOUN;afternoon;NOUN;in;ADP;December;NOUN
10;It;PRON;was;VERB;heavier;ADJ;than;ADP;your;PRON;plough;NOUN;I;PRON;am;VERB;sure;ADJ
10;It;PRON;will;VERB;sweep;VERB;you;PRON;away;ADV;warned;VERB;a;DET;wise;NOUN;squirrel;NOUN
10;Just;ADV;put;VERB;your;PRON;stick;NOUN;next;ADP;to;ADP;me;PRON;and;CONJ;measure;NOUN
10;Kalabushe;NOUN;and;CONJ;her;PRON;aunt;NOUN;were;VERB;rescued;VERB;by;ADP;the;DET;villagers;NOUN
10;Khalai;NOUN;wakes;VERB;up;ADP;and;CONJ;talks;NOUN;to;ADP;the;DET;orange;NOUN;tree;NOUN
10;Let;VERB;us;PRON;go;VERB;up;ADP;and;CONJ;see;VERB;the;DET;earth;NOUN;above;ADP
10;Like;ADP;a;DET;shoe;NOUN;in;ADP;the;DET;middle;NOUN;of;ADP;its;PRON;face;NOUN
10;Lion;NOUN;forgot;VERB;his;PRON;meal;NOUN;and;CONJ;ran;NOUN;for;ADP;his;PRON;life;NOUN
10;Little;ADJ;Ant;NOUN;took;VERB;a;DET;long;ADJ;sip;NOUN;of;ADP;cool;ADJ;water;NOUN
10;Long;ADV;long;ADV;ago;ADV;there;PRON;was;VERB;a;DET;king;NOUN;called;VERB;Kayanja;NOUN
10;Many;ADJ;small;ADJ;animals;NOUN;lived;VERB;together;ADV;on;ADP;the;DET;big;ADJ;tree;NOUN
10;Monkey;NOUN;accepted;VERB;without;ADP;knowing;VERB;what;PRON;was;VERB;waiting;VERB;for;ADP;him;PRON
10;Muthoni;NOUN;and;CONJ;I;PRON;went;VERB;to;ADP;the;DET;village;NOUN;well;ADV;together;ADV
10;My;PRON;birds;NOUN;and;CONJ;I;PRON;meet;VERB;Chimpanzee;NOUN;in;ADP;the;DET;tree;NOUN
10;My;PRON;family;NOUN;left;VERB;me;PRON;here;ADV;when;ADV;they;PRON;moved;VERB;on;ADP
10;My;PRON;friend;NOUN;Kiki;NOUN;and;CONJ;I;PRON;love;VERB;to;ADP;go;VERB;exploring;VERB
10;My;PRON;friend;NOUN;Kiki;NOUN;escaped;VERB;I;PRON;was;VERB;not;ADV;fast;ADV;enough;ADJ
10;My;PRON;friends;NOUN;were;VERB;not;ADV;able;ADJ;to;ADP;score;VERB;any;DET;goals;NOUN
10;My;PRON;giraffes;NOUN;and;CONJ;I;PRON;make;VERB;monkey;ADJ;balls;NOUN;from;ADP;clay;NOUN
10;My;PRON;gorilla;NOUN;and;CONJ;monkey;ADJ;fear;NOUN;Tortoise;NOUN;in;ADP;every;DET;way;NOUN
10;My;PRON;parents;NOUN;and;CONJ;I;PRON;worked;VERB;in;ADP;the;DET;small;ADJ;gardens;NOUN
10;My;PRON;pot;NOUN;is;VERB;full;ADJ;of;ADP;sweet;NOUN;potatoes;NOUN;and;CONJ;honey;NOUN
10;My;PRON;sister;NOUN;and;CONJ;I;PRON;harvested;VERB;the;DET;flowers;NOUN;and;CONJ;peas;NOUN
10;No;DET;one;NOUN;had;VERB;anything;NOUN;to;ADP;eat;VERB;except;ADP;the;DET;crows;NOUN
10;Nourished;VERB;by;ADP;sun;NOUN;and;CONJ;soil;NOUN;she;PRON;grew;VERB;leaves;NOUN;again;ADV
10;Now;ADV;we;PRON;know;VERB;you;PRON;are;VERB;definitely;ADV;one;ADJ;of;ADP;us;PRON
10;Now;ADV;we;PRON;were;VERB;both;DET;trapped;VERB;in;ADP;the;DET;dark;NOUN;room;NOUN
10;Now;ADV;with;ADP;the;DET;suns;NOUN;gone;VERB;there;PRON;was;VERB;darkness;NOUN;everywhere;ADV
10;Oh;INT;dear;NOUN;I;PRON;don’t;VERB;know;VERB;what;PRON;to;ADP;do;VERB;about;ADP;this;DET;mess;NOUN
10;Oh;INT;thank;NOUN;you;PRON;my;PRON;friend;NOUN;for;ADP;protecting;VERB;my;PRON;basket;NOUN
10;On;ADP;the;DET;way;NOUN;home;NOUN;a;DET;very;ADV;strong;ADJ;wind;NOUN;came;VERB
10;On;ADP;the;DET;way;NOUN;we;PRON;saw;VERB;our;PRON;friends;NOUN;playing;VERB;football;NOUN
10;Once;ADV;I;PRON;found;VERB;Muthoni;NOUN;we;PRON;would;VERB;forget;VERB;everything;NOUN;else;ADV
10;Once;ADV;upon;ADP;a;DET;time;NOUN;there;ADV;lived;VERB;a;DET;happy;ADJ;family;NOUN
10;One;ADJ;day;NOUN;Opio;NOUN;went;VERB;out;ADP;hunting;VERB;with;ADP;his;PRON;dogs;NOUN
10;Perhaps;ADV;my;PRON;kite;NOUN;is;VERB;still;ADV;flying;VERB;in;ADP;the;DET;sky;NOUN
10;Please;NOUN;grow;VERB;strong;ADJ;and;CONJ;protect;VERB;us;PRON;from;ADP;bad;ADJ;people;NOUN
10;She;PRON;lost;VERB;Adhoch;NOUN;because;ADP;she;PRON;was;VERB;jealous;ADJ;of;ADP;Adie;NOUN
10;She;PRON;says;VERB;this;DET;stick;NOUN;is;VERB;longer;ADJ;than;ADP;you;PRON;are;VERB
10;She;PRON;took;VERB;her;PRON;offspring;VERB;for;ADP;their;PRON;first;ADJ;swimming;NOUN;lesson;NOUN
10;She;PRON;took;VERB;me;PRON;to;ADP;the;DET;market;NOUN;to;ADP;buy;VERB;vegetables;NOUN
10;She;PRON;visits;VERB;the;DET;sick;ADJ;and;CONJ;the;DET;elderly;ADJ;in;ADP;their;PRON;homes;NOUN
10;Shoot;INT;I;PRON;forgot;VERB;my;PRON;brother’s;ADJ;birthday;NOUN
10;Sister;NOUN;Moon;NOUN;lives;VERB;on;ADP;the;DET;other;ADJ;side;NOUN;of;ADP;the;DET;sky;NOUN
10;So;ADP;that;ADP;I;PRON;can;VERB;listen;VERB;to;ADP;my;PRON;own;ADJ;body;NOUN
10;Soon;ADV;everyone;NOUN;else;ADJ;got;VERB;in;ADP;the;DET;small;ADJ;red;ADJ;bus;NOUN
10;Take;VERB;this;DET;fork;NOUN;and;CONJ;help;VERB;me;PRON;to;ADP;stir;VERB;it;PRON
10;Tell;VERB;us;PRON;what;PRON;it;PRON;is;VERB;if;ADP;we;PRON;are;VERB;wrong;ADJ
10;That;DET;evening;VERB;he;PRON;began;VERB;to;ADP;walk;VERB;towards;ADP;his;PRON;village;NOUN
10;The;DET;animals;NOUN;were;VERB;delighted;ADJ;and;CONJ;the;DET;humans;NOUN;felt;VERB;relieved;ADJ
10;The;DET;beehive;ADJ;and;CONJ;honey;NOUN;had;VERB;dried;VERB;on;ADP;his;PRON;back;NOUN
10;The;DET;birds;NOUN;can;VERB;either;VERB;fly;VERB;or;CONJ;come;VERB;with;ADP;us;PRON
10;The;DET;clouds;NOUN;were;VERB;very;ADV;happy;ADJ;to;ADP;see;VERB;mother;ADV;Sun;NOUN;again;ADV
10;The;DET;driver;NOUN;was;VERB;about;ADP;to;ADP;give;VERB;Dog;NOUN;his;PRON;change;NOUN
10;The;DET;farmer;NOUN;took;VERB;the;DET;donkey;NOUN;out;ADP;to;ADP;his;PRON;field;NOUN
10;The;DET;goal;NOUN;posts;NOUN;were;VERB;made;VERB;of;ADP;two;ADJ;big;ADJ;stones;NOUN
10;The;DET;machines;NOUN;were;VERB;first;ADV;spotted;VERB;by;ADP;the;DET;mole;ADJ;family;NOUN
10;The;DET;next;ADJ;day;NOUN;the;DET;ox;NOUN;came;VERB;home;ADV;late;ADV;again;ADV
10;The;DET;people;NOUN;were;VERB;poor;ADJ;and;CONJ;the;DET;children;NOUN;were;VERB;hungry;ADJ
10;The;DET;small;ADJ;garden;NOUN;of;ADP;flowers;NOUN;yielded;ADJ;sacks;NOUN;of;ADP;flowers;NOUN
10;The;DET;small;ADJ;garden;NOUN;of;ADP;peas;NOUN;yielded;VERB;sacks;NOUN;of;ADP;peas;NOUN
10;The;DET;squirrels;NOUN;birds;NOUN;insects;NOUN;wanted;VERB;trees;NOUN;bushes;NOUN;and;CONJ;grass;NOUN
10;The;DET;truck;NOUN;driver;NOUN;was;VERB;talking;VERB;on;ADP;his;PRON;mobile;NOUN;phone;NOUN
10;The;DET;window;NOUN;curtains;NOUN;flutter;ADV;and;CONJ;gently;ADV;brush;VERB;my;PRON;face;NOUN
10;Then;ADV;he;PRON;got;VERB;in;ADP;the;DET;front;NOUN;of;ADP;the;DET;van;NOUN
10;Then;ADV;he;PRON;realized;VERB;that;ADP;he;PRON;was;VERB;running;VERB;behind;ADP;Lion;NOUN
10;There;PRON;was;VERB;a;DET;small;ADJ;window;NOUN;under;ADP;the;DET;wooden;ADJ;planks;NOUN
10;They;PRON;asked;VERB;Anansi;NOUN;the;DET;clever;NOUN;Spider;NOUN;to;ADP;help;VERB;them;PRON
10;They;PRON;gave;VERB;him;PRON;a;DET;pot;NOUN;of;ADP;dirty;ADJ;brown;ADJ;water;NOUN
10;They;PRON;lived;VERB;in;ADP;a;DET;peaceful;ADJ;village;NOUN;in;ADP;the;DET;mountains;NOUN
10;They;PRON;were;VERB;no;ADV;longer;ADV;snakes;NOUN;but;CONJ;Man;NOUN;and;CONJ;Woman;NOUN
10;This;DET;annoyed;VERB;the;DET;hyena;NOUN;who;PRON;started;VERB;yelling;VERB;at;ADP;Tortoise;NOUN
10;Tortoise;NOUN;and;CONJ;I;PRON;go;VERB;home;ADV;very;ADV;slowly;ADV;with;ADP;Snake;NOUN
10;Trevor;NOUN;asked;VERB;Kategga;NOUN;to;ADP;row;VERB;them;PRON;across;ADP;the;DET;river;NOUN
10;Wangari;NOUN;had;VERB;helped;VERB;them;PRON;to;ADP;feel;VERB;powerful;ADJ;and;CONJ;strong;ADJ
10;We;PRON;played;VERB;until;ADP;the;DET;field;NOUN;was;VERB;full;ADJ;of;ADP;sand;NOUN
10;We;PRON;swam;VERB;and;CONJ;swam;NOUN;and;CONJ;forgot;VERB;about;ADP;the;DET;time;NOUN
10;We;PRON;will;VERB;look;VERB;after;ADP;the;DET;grass;NOUN;and;CONJ;the;DET;trees;NOUN
10;We;PRON;will;VERB;not;ADV;be;VERB;able;ADJ;to;ADP;go;VERB;to;ADP;town;NOUN
10;When;ADV;Dog;NOUN;returned;VERB;to;ADP;the;DET;river;NOUN;he;PRON;met;VERB;Crocodile;NOUN
10;When;ADV;Khalai;NOUN;returns;VERB;home;NOUN;she;PRON;visits;VERB;the;DET;orange;NOUN;tree;NOUN
10;When;ADV;Sun;NOUN;left;VERB;the;DET;mountains;NOUN;put;VERB;on;ADP;their;PRON;white;ADJ;scarves;NOUN
10;When;ADV;the;DET;farmer;NOUN;came;VERB;the;DET;ox;NOUN;closed;VERB;his;PRON;eyes;NOUN
10;When;ADV;the;DET;other;ADJ;cattle;NOUN;graze;VERB;this;DET;one;ADJ;eats;VERB;alone;ADV
10;White;NOUN;Dove;NOUN;was;VERB;startled;VERB;and;CONJ;flew;VERB;away;ADV;to;ADP;safety;NOUN
10;Will;VERB;you;PRON;help;VERB;me;PRON;before;ADP;the;DET;others;NOUN;wake;VERB;up;ADP
10;Yet;ADV;I;PRON;can;VERB;smell;VERB;the;DET;food;NOUN;mother;NOUN;is;VERB;preparing;VERB
10;You;PRON;can;VERB;bring;VERB;two;ADJ;so;ADP;one;ADJ;can;VERB;be;VERB;mine;ADJ
10;You;PRON;have;VERB;given;VERB;me;PRON;something;NOUN;very;ADV;bad;ADJ;to;ADP;drink;VERB
10;Yowza;INT;That;DET;is;VERB;a;DET;beautiful;ADJ;ball;NOUN;gown;NOUN