"granary";"granary";"foreground";"foreground"
"granary";"granary";"mainground";"mainground"
"granary";"granary_door";"Sprite_1";"sprite"
"granary";"granary_foreground";"watermelon_4";"watermelon"
"granary";"granary_foreground";"watermelon_5";"watermelon"
"granary";"granary_foreground";"watermelon_3";"watermelon"
"granary";"granary_foreground";"watermelon_2";"watermelon"
"granary";"granary_foreground";"cart_1";"cart"
"granary";"granary_mainground";"orange_33";"orange"
"granary";"granary_mainground";"onion_106";"onion"
"granary";"granary_mainground";"tile_16";"tile"
"granary";"granary_mainground";"tile_17";"tile"
"granary";"granary_mainground";"tomato_86";"tomato"
"granary";"granary_mainground";"mango_16";"mango"
"granary";"granary_mainground";"grapes_57";"grapes"
"granary";"granary_mainground";"tile_18";"tile"
"granary";"granary_mainground";"tile_15";"tile"
"granary";"granary_mainground";"corn_box_31";"corn"
"granary";"granary_mainground";"brinjal_66";"brinjal"
"granary";"granary_mainground";"brinjal_65";"brinjal"
"granary";"granary_mainground";"carrot_163";"carrot"
"granary";"granary_mainground";"capcicum_143";"capsicum"
"granary";"granary_mainground";"floor_4";"floor"
"granary";"granary_mainground";"left";"left"
"granary";"granary_mainground";"box_front_98";"box"
"granary";"granary_mainground";"banana_46";"banana"
"granary";"granary_mainground";"onion_115";"onion"
"granary";"granary_mainground";"onion_104";"onion"
"granary";"granary_mainground";"grapes_55";"grapes"
"granary";"granary_mainground";"box_front_79";"box"
"granary";"granary_mainground";"brinjal_68";"brinjal"
"granary";"granary_mainground";"carrot_157";"carrot"
"granary";"granary_mainground";"capcicum_147";"capsicum"
"granary";"granary_mainground";"chilli_126";"chili"
"granary";"granary_mainground";"watercane_174";"watercane"
"granary";"granary_mainground";"tomato_94";"tomato"
"granary";"granary_mainground";"brinjal_62";"brinjal"
"granary";"granary_mainground";"carrot_154";"carrot"
"granary";"granary_mainground";"carrot_161";"carrot"
"granary";"granary_mainground";"banana_42";"banana"
"granary";"granary_mainground";"onion_114";"onion"
"granary";"granary_mainground";"onion_107";"onion"
"granary";"granary_mainground";"tile_9";"tile"
"granary";"granary_mainground";"grapes_52";"grapes"
"granary";"granary_mainground";"box_front_84";"box"
"granary";"granary_mainground";"cabbage_76";"cabbage"
"granary";"granary_mainground";"bag_03_24";"bag"
"granary";"granary_mainground";"tile_12";"tile"
"granary";"granary_mainground";"mango_19";"mango"
"granary";"granary_mainground";"brinjal_63";"brinjal"
"granary";"granary_mainground";"orange_31";"orange"
"granary";"granary_mainground";"floor_3";"floor"
"granary";"granary_mainground";"box_back_153";"box"
"granary";"granary_mainground";"mango_17";"mango"
"granary";"granary_mainground";"banana_49";"banana"
"granary";"granary_mainground";"tile_13";"tile"
"granary";"granary_mainground";"granary_door";"door"
"granary";"granary_mainground";"mango_21";"mango"
"granary";"granary_mainground";"onion_112";"onion"
"granary";"granary_mainground";"onion_102";"onion"
"granary";"granary_mainground";"step_20";"step"
"granary";"granary_mainground";"tomato_95";"tomato"
"granary";"granary_mainground";"carrot_164";"carrot"
"granary";"granary_mainground";"tomato_93";"tomato"
"granary";"granary_mainground";"banana_51";"banana"
"granary";"granary_mainground";"cabbage_78";"cabbage"
"granary";"granary_mainground";"tomato_87";"tomato"
"granary";"granary_mainground";"carrot_156";"carrot"
"granary";"granary_mainground";"box_front_70";"box"
"granary";"granary_mainground";"mango_18";"mango"
"granary";"granary_mainground";"door_19";"door"
"granary";"granary_mainground";"vegatable_table_58";"table"
"granary";"granary_mainground";"banana_45";"banana"
"granary";"granary_mainground";"banana_50";"banana"
"granary";"granary_mainground";"chilli_132";"chili"
"granary";"granary_mainground";"chilli_130";"chili"
"granary";"granary_mainground";"chilli_133";"chili"
"granary";"granary_mainground";"mango_27";"mango"
"granary";"granary_mainground";"brinjal_64";"brinjal"
"granary";"granary_mainground";"banana_43";"banana"
"granary";"granary_mainground";"chilli_131";"chili"
"granary";"granary_mainground";"step_27";"step"
"granary";"granary_mainground";"chilli_136";"chili"
"granary";"granary_mainground";"carrot_158";"carrot"
"granary";"granary_mainground";"capcicum_146";"capsicum"
"granary";"granary_mainground";"orange_28";"orange"
"granary";"granary_mainground";"mango_22";"mango"
"granary";"granary_mainground";"orange_30";"orange"
"granary";"granary_mainground";"box_back_59";"box"
"granary";"granary_mainground";"onion_108";"onion"
"granary";"granary_mainground";"orange_32";"orange"
"granary";"granary_mainground";"chilli_134";"chili"
"granary";"granary_mainground";"box_front_119";"box"
"granary";"granary_mainground";"grapes_53";"grapes"
"granary";"granary_mainground";"box_back_85";"box"
"granary";"granary_mainground";"capcicum_150";"capsicum"
"granary";"granary_mainground";"step_19";"step"
"granary";"granary_mainground";"chilli_127";"chili"
"granary";"granary_mainground";"box_front_166";"box"
"granary";"granary_mainground";"step_26";"step"
"granary";"granary_mainground";"tomato_89";"tomato"
"granary";"granary_mainground";"floor_2";"floor"
"granary";"granary_mainground";"banana_41";"banana"
"granary";"granary_mainground";"brinjal_69";"brinjal"
"granary";"granary_mainground";"tomato_90";"tomato"
"granary";"granary_mainground";"capcicum_141";"capsicum"
"granary";"granary_mainground";"Hero";"hero"
"granary";"granary_mainground";"grapes_54";"grapes"
"granary";"granary_mainground";"box_front_138";"box"
"granary";"granary_mainground";"carrot_165";"carrot"
"granary";"granary_mainground";"chilli_124";"chili"
"granary";"granary_mainground";"box_front_118";"box"
"granary";"granary_mainground";"capcicum_149";"capsicum"
"granary";"granary_mainground";"tile_14";"tile"
"granary";"granary_mainground";"chilli_137";"chili"
"granary";"granary_mainground";"floor_1";"floor"
"granary";"granary_mainground";"orange_29";"orange"
"granary";"granary_mainground";"cabbage_77";"cabbage"
"granary";"granary_mainground";"tomato_97";"tomato"
"granary";"granary_mainground";"box_back_100";"box"
"granary";"granary_mainground";"tile_10";"tile"
"granary";"granary_mainground";"capcicum_140";"capsicum"
"granary";"granary_mainground";"step_25";"step"
"granary";"granary_mainground";"tomato_91";"tomato"
"granary";"granary_mainground";"orange_39";"orange"
"granary";"granary_mainground";"chilli_123";"chili"
"granary";"granary_mainground";"cabbage_75";"cabbage"
"granary";"granary_mainground";"onion_111";"onion"
"granary";"granary_mainground";"orange_35";"orange"
"granary";"granary_mainground";"onion_116";"onion"
"granary";"granary_mainground";"box_front_152";"box"
"granary";"granary_mainground";"box_back_80";"box"
"granary";"granary_mainground";"carrot_159";"carrot"
"granary";"granary_mainground";"tomato_96";"tomato"
"granary";"granary_mainground";"milk_man";"milk man"
"granary";"granary_mainground";"painting_small_01_41";"painting"
"granary";"granary_mainground";"pumpkin_82";"pumpkin"
"granary";"granary_mainground";"step_21";"step"
"granary";"granary_mainground";"banana_47";"banana"
"granary";"granary_mainground";"milk_bottle_173";"milk bottle"
"granary";"granary_mainground";"chilli_129";"chili"
"granary";"granary_mainground";"mango_20";"mango"
"granary";"granary_mainground";"brinjal_61";"brinjal"
"granary";"granary_mainground";"brinjal_67";"brinjal"
"granary";"granary_mainground";"grass_29";"grass"
"granary";"granary_mainground";"bag_01_167";"bag"
"granary";"granary_mainground";"mango_24";"mango"
"granary";"granary_mainground";"grass_30";"grass"
"granary";"granary_mainground";"pumpkin_83";"pumpkin"
"granary";"granary_mainground";"right";"right"
"granary";"granary_mainground";"onion_103";"onion"
"granary";"granary_mainground";"cabbage_73";"cabbage"
"granary";"granary_mainground";"cabbage_74";"cabbage"
"granary";"granary_mainground";"chilli_125";"chili"
"granary";"granary_mainground";"orange_38";"orange"
"granary";"granary_mainground";"chilli_135";"chili"
"granary";"granary_mainground";"box_back_120";"box"
"granary";"granary_mainground";"step_big_22";"step"
"granary";"granary_mainground";"chilli_122";"chili"
"granary";"granary_mainground";"pumpkin_81";"pumpkin"
"granary";"granary_mainground";"window_37";"window"
"granary";"granary_mainground";"step_big_28";"step"
"granary";"granary_mainground";"orange_37";"orange"
"granary";"granary_mainground";"tile_11";"tile"
"granary";"granary_mainground";"orange_36";"orange"
"granary";"granary_mainground";"bag_02_23";"bag"
"granary";"granary_mainground";"grass_172";"grass"
"granary";"granary_mainground";"fruit_table_15";"table"
"granary";"granary_mainground";"mango_23";"mango"
"granary";"granary_mainground";"carrot_160";"carrot"
"granary";"granary_mainground";"tomato_92";"tomato"
"granary";"granary_mainground";"capcicum_145";"capsicum"
"granary";"granary_mainground";"grapes_56";"grapes"
"granary";"granary_mainground";"carrot_162";"carrot"
"granary";"granary_mainground";"orange_34";"orange"
"granary";"granary_mainground";"store_keeper";"store keeper"
"granary";"granary_mainground";"box_back_139";"box"
"granary";"granary_mainground";"mango_25";"mango"
"granary";"granary_mainground";"chilli_128";"chili"
"granary";"granary_mainground";"onion_110";"onion"
"granary";"granary_mainground";"capcicum_144";"capsicum"
"granary";"granary_mainground";"mango_26";"mango"
"granary";"granary_mainground";"chilli_121";"chili"
"granary";"granary_mainground";"basket_29";"basket"
"granary";"granary_mainground";"carrot_155";"carrot"
"granary";"granary_mainground";"box_back_71";"box"
"farmhouse";"farmhouse_background";"frontgrass_143";"grass"
"farmhouse";"farmhouse_background";"frontgrass_141";"grass"
"farmhouse";"farmhouse_background";"sky_pattern2_5";"sky"
"farmhouse";"farmhouse_background";"small_tree_98";"tree"
"farmhouse";"farmhouse_background";"small_tree_2";"tree"
"farmhouse";"farmhouse_background";"big_tree_113";"tree"
"farmhouse";"farmhouse_background";"big_tree_107";"tree"
"farmhouse";"farmhouse_background";"frontgrass_146";"grass"
"farmhouse";"farmhouse_background";"frontgrass_150";"grass"
"farmhouse";"farmhouse_background";"hill2_4";"hill"
"farmhouse";"farmhouse_background";"cloud2_76";"cloud"
"farmhouse";"farmhouse_background";"frontgrass_2";"grass"
"farmhouse";"farmhouse_background";"sky_pattern2_65";"sky"
"farmhouse";"farmhouse_background";"sky_pattern2_11";"sky"
"farmhouse";"farmhouse_background";"cloud1_73";"cloud"
"farmhouse";"farmhouse_background";"sky_pattern1_58";"sky"
"farmhouse";"farmhouse_background";"sky_pattern1_52";"sky"
"farmhouse";"farmhouse_background";"sky_pattern1_8";"sky"
"farmhouse";"farmhouse_background";"sky_pattern1_62";"sky"
"farmhouse";"farmhouse_background";"hill2_90";"hill"
"farmhouse";"farmhouse_background";"frontgrass_8";"grass"
"farmhouse";"farmhouse_background";"frontgrass_152";"grass"
"farmhouse";"farmhouse_background";"sky_pattern1_60";"sky"
"farmhouse";"farmhouse_background";"sky_pattern1_56";"sky"
"farmhouse";"farmhouse_background";"cloud2_69";"cloud"
"farmhouse";"farmhouse_background";"hill1_93";"hill"
"farmhouse";"farmhouse_background";"hill2_79";"hill"
"farmhouse";"farmhouse_background";"backgrass_2";"grass"
"farmhouse";"farmhouse_background";"cloud2_71";"cloud"
"farmhouse";"farmhouse_background";"backgrass_7";"grass"
"farmhouse";"farmhouse_background";"cloud1_68";"cloud"
"farmhouse";"farmhouse_background";"frontgrass_136";"grass"
"farmhouse";"farmhouse_background";"backgrass_116";"grass"
"farmhouse";"farmhouse_background";"backgrass_123";"grass"
"farmhouse";"farmhouse_background";"small_tree_97";"tree"
"farmhouse";"farmhouse_background";"frontgrass_135";"grass"
"farmhouse";"farmhouse_background";"hill2_88";"hill"
"farmhouse";"farmhouse_background";"backgrass_121";"grass"
"farmhouse";"farmhouse_background";"big_tree_1";"tree"
"farmhouse";"farmhouse_background";"backgrass_134";"grass"
"farmhouse";"farmhouse_background";"hill2_92";"hill"
"farmhouse";"farmhouse_background";"big_tree_110";"tree"
"farmhouse";"farmhouse_background";"backgrass_115";"grass"
"farmhouse";"farmhouse_background";"big_tree_105";"tree"
"farmhouse";"farmhouse_background";"sky_pattern2_53";"sky"
"farmhouse";"farmhouse_background";"frontgrass_151";"grass"
"farmhouse";"farmhouse_background";"sky_pattern2_55";"sky"
"farmhouse";"farmhouse_background";"backgrass_5";"grass"
"farmhouse";"farmhouse_background";"backgrass_117";"grass"
"farmhouse";"farmhouse_background";"hill1_6";"hill"
"farmhouse";"farmhouse_background";"sky_pattern2_7";"sky"
"farmhouse";"farmhouse_background";"backgrass_129";"grass"
"farmhouse";"farmhouse_background";"frontgrass_6";"grass"
"farmhouse";"farmhouse_background";"cloud2_3";"cloud"
"farmhouse";"farmhouse_background";"cloud2_75";"cloud"
"farmhouse";"farmhouse_background";"frontgrass_10";"grass"
"farmhouse";"farmhouse_background";"backgrass_4";"grass"
"farmhouse";"farmhouse_background";"hill1_94";"hill"
"farmhouse";"farmhouse_background";"hill2_91";"hill"
"farmhouse";"farmhouse_background";"big_tree_111";"tree"
"farmhouse";"farmhouse_background";"big_tree_108";"tree"
"farmhouse";"farmhouse_background";"hill1_83";"hill"
"farmhouse";"farmhouse_background";"cloud2_4";"cloud"
"farmhouse";"farmhouse_background";"small_tree_3";"tree"
"farmhouse";"farmhouse_background";"cloud2_2";"cloud"
"farmhouse";"farmhouse_background";"small_tree_101";"tree"
"farmhouse";"farmhouse_background";"backgrass_122";"grass"
"farmhouse";"farmhouse_background";"hill2_81";"hill"
"farmhouse";"farmhouse_background";"backgrass_3";"grass"
"farmhouse";"farmhouse_background";"frontgrass_154";"grass"
"farmhouse";"farmhouse_background";"small_tree_100";"tree"
"farmhouse";"farmhouse_background";"hill2_5";"hill"
"farmhouse";"farmhouse_background";"frontgrass_11";"grass"
"farmhouse";"farmhouse_background";"hill2_2";"hill"
"farmhouse";"farmhouse_background";"frontgrass_145";"grass"
"farmhouse";"farmhouse_background";"sky_pattern1_66";"sky"
"farmhouse";"farmhouse_background";"big_tree_3";"tree"
"farmhouse";"farmhouse_background";"big_tree_2";"tree"
"farmhouse";"farmhouse_background";"sky_pattern2_63";"sky"
"farmhouse";"farmhouse_background";"small_tree_1";"tree"
"farmhouse";"farmhouse_background";"backgrass_120";"grass"
"farmhouse";"farmhouse_background";"hill1_1";"hill"
"farmhouse";"farmhouse_background";"frontgrass_149";"grass"
"farmhouse";"farmhouse_background";"cloud2_70";"cloud"
"farmhouse";"farmhouse_background";"frontgrass_5";"grass"
"farmhouse";"farmhouse_background";"backgrass_126";"grass"
"farmhouse";"farmhouse_background";"hill1_85";"hill"
"farmhouse";"farmhouse_background";"frontgrass_1";"grass"
"farmhouse";"farmhouse_background";"sky_pattern2_9";"sky"
"farmhouse";"farmhouse_background";"frontgrass_3";"grass"
"farmhouse";"farmhouse_background";"backgrass_127";"grass"
"farmhouse";"farmhouse_background";"hill1_3";"hill"
"farmhouse";"farmhouse_background";"small_tree_103";"tree"
"farmhouse";"farmhouse_background";"backgrass_131";"grass"
"farmhouse";"farmhouse_background";"frontgrass_137";"grass"
"farmhouse";"farmhouse_background";"backgrass_6";"grass"
"farmhouse";"farmhouse_background";"small_tree_102";"tree"
"farmhouse";"farmhouse_background";"frontgrass_144";"grass"
"farmhouse";"farmhouse_background";"backgrass_119";"grass"
"farmhouse";"farmhouse_background";"hill1_80";"hill"
"farmhouse";"farmhouse_background";"hill1_7";"hill"
"farmhouse";"farmhouse_background";"frontgrass_153";"grass"
"farmhouse";"farmhouse_background";"backgrass_125";"grass"
"farmhouse";"farmhouse_background";"sky_pattern2_57";"sky"
"farmhouse";"farmhouse_background";"sky_pattern2_59";"sky"
"farmhouse";"farmhouse_background";"frontgrass_7";"grass"
"farmhouse";"farmhouse_background";"frontgrass_148";"grass"
"farmhouse";"farmhouse_background";"sky_pattern2_61";"sky"
"farmhouse";"farmhouse_background";"cloud1_74";"cloud"
"farmhouse";"farmhouse_background";"small_tree_4";"tree"
"farmhouse";"farmhouse_background";"frontgrass_155";"grass"
"farmhouse";"farmhouse_background";"hill2_78";"hill"
"farmhouse";"farmhouse_background";"backgrass_118";"grass"
"farmhouse";"farmhouse_background";"backgrass_1";"grass"
"farmhouse";"farmhouse_background";"sky_pattern1_54";"sky"
"farmhouse";"farmhouse_background";"frontgrass_139";"grass"
"farmhouse";"farmhouse_background";"small_tree_99";"tree"
"farmhouse";"farmhouse_background";"big_tree_112";"tree"
"farmhouse";"farmhouse_background";"big_tree_4";"tree"
"farmhouse";"farmhouse_background";"sky_pattern1_3";"sky"
"farmhouse";"farmhouse_background";"frontgrass_9";"grass"
"farmhouse";"farmhouse_background";"backgrass_133";"grass"
"farmhouse";"farmhouse_background";"big_tree_109";"tree"
"farmhouse";"farmhouse_background";"sky_pattern2_4";"sky"
"farmhouse";"farmhouse_background";"hill2_84";"hill"
"farmhouse";"farmhouse_background";"cloud1_72";"cloud"
"farmhouse";"farmhouse_background";"cloud2_77";"cloud"
"farmhouse";"farmhouse_background";"sky_pattern1_51";"sky"
"farmhouse";"farmhouse_background";"sky_pattern1_12";"sky"
"farmhouse";"farmhouse_background";"frontgrass_4";"grass"
"farmhouse";"farmhouse_background";"backgrass_128";"grass"
"farmhouse";"farmhouse_background";"big_tree_114";"tree"
"farmhouse";"farmhouse_background";"frontgrass_147";"grass"
"farmhouse";"farmhouse_background";"frontgrass_142";"grass"
"farmhouse";"farmhouse_background";"hill1_82";"hill"
"farmhouse";"farmhouse_background";"small_tree_96";"tree"
"farmhouse";"farmhouse_background";"cloud1_1";"cloud"
"farmhouse";"farmhouse_background";"sky_pattern2_67";"sky"
"farmhouse";"farmhouse_background";"hill1_87";"hill"
"farmhouse";"farmhouse_background";"backgrass_132";"grass"
"farmhouse";"farmhouse_background";"sky_pattern1_1";"sky"
"farmhouse";"farmhouse_background";"big_tree_104";"tree"
"farmhouse";"farmhouse_background";"sky_pattern1_64";"sky"
"farmhouse";"farmhouse_background";"big_tree_106";"tree"
"farmhouse";"farmhouse_background";"backgrass_124";"grass"
"farmhouse";"farmhouse_background";"sky_pattern1_6";"sky"
"farmhouse";"farmhouse_background";"backgrass_130";"grass"
"farmhouse";"farmhouse_background";"hill2_86";"hill"
"farmhouse";"farmhouse_background";"sky_pattern2_2";"sky"
"farmhouse";"farmhouse_background";"hill1_89";"hill"
"farmhouse";"farmhouse_background";"sky_pattern1_10";"sky"
"farmhouse";"farmhouse_background";"frontgrass_140";"grass"
"farmhouse";"farmhouse_background";"frontgrass_138";"grass"
"farmhouse";"farmhouse_background";"hill2_95";"hill"
"farmhouse";"barnhouse";"barnhouse_door_3";"door"
"farmhouse";"barnhouse";"barnhouse_door2_5";"door"
"farmhouse";"barnhouse";"barnhouse_door1_4";"door"
"farmhouse";"barnhouse";"barnhouse_door2_7";"door"
"farmhouse";"wind_meal";"wind_meal_01_1";"windmill"
"farmhouse";"farmhouse";"foreground";"foreground"
"farmhouse";"farmhouse";"mainground";"mainground"
"farmhouse";"farmhouse";"background";"background"
"farmhouse";"farmhouse_mainground";"stone2_39";"stone"
"farmhouse";"farmhouse_mainground";"tool2_10";"tool"
"farmhouse";"farmhouse_mainground";"right";"right"
"farmhouse";"farmhouse_mainground";"barnhouse_door2_11";"door"
"farmhouse";"farmhouse_mainground";"stone3_44";"stone"
"farmhouse";"farmhouse_mainground";"floor_3";"floor"
"farmhouse";"farmhouse_mainground";"farm_house_door_6";"door"
"farmhouse";"farmhouse_mainground";"milkbottle_18";"milk bottle"
"farmhouse";"farmhouse_mainground";"Mango_man";"watchman"
"farmhouse";"farmhouse_mainground";"stone3_46";"stone"
"farmhouse";"farmhouse_mainground";"hut_6";"hut"
"farmhouse";"farmhouse_mainground";"stone2_37";"stone"
"farmhouse";"farmhouse_mainground";"stone3_45";"stone"
"farmhouse";"farmhouse_mainground";"Farmer";"farmer"
"farmhouse";"farmhouse_mainground";"floor_2";"floor"
"farmhouse";"farmhouse_mainground";"barnhouse_door1_13";"door"
"farmhouse";"farmhouse_mainground";"green_button_1";"green button"
"farmhouse";"farmhouse_mainground";"farm_house_12";"farm house"
"farmhouse";"farmhouse_mainground";"tool4_28";"tool"
"farmhouse";"farmhouse_mainground";"Hero";"hero"
"farmhouse";"farmhouse_mainground";"stone2_36";"stone"
"farmhouse";"farmhouse_mainground";"well_166";"well"
"farmhouse";"farmhouse_mainground";"red_button_2";"red button"
"farmhouse";"farmhouse_mainground";"waterbottle_22";"water bottle"
"farmhouse";"farmhouse_mainground";"farm_house1_374";"farm house"
"farmhouse";"farmhouse_mainground";"tool4_25";"tool"
"farmhouse";"farmhouse_mainground";"farm_house_door_01_5";"door"
"farmhouse";"farmhouse_mainground";"stone2_47";"stone"
"farmhouse";"farmhouse_mainground";"bucket_16";"bucket"
"farmhouse";"farmhouse_mainground";"stone1_48";"stone"
"farmhouse";"farmhouse_mainground";"stone3_41";"stone"
"farmhouse";"farmhouse_mainground";"granaryhouse_17";"granary"
"farmhouse";"farmhouse_mainground";"mango_3";"mango"
"farmhouse";"farmhouse_mainground";"tool5_27";"tool"
"farmhouse";"farmhouse_mainground";"stone1_32";"stone"
"farmhouse";"farmhouse_mainground";"farm_house_left_388";"left"
"farmhouse";"farmhouse_mainground";"bag_02_23";"bag"
"farmhouse";"farmhouse_mainground";"stone1_30";"stone"
"farmhouse";"farmhouse_mainground";"tractor1_369";"tractor"
"farmhouse";"farmhouse_mainground";"floor_4";"floor"
"farmhouse";"farmhouse_mainground";"left";"left"
"farmhouse";"farmhouse_mainground";"floor_1";"floor"
"farmhouse";"farmhouse_mainground";"barnhouse2_377";"barnhouse"
"farmhouse";"farmhouse_mainground";"granaryhouse1_375";"granary"
"farmhouse";"farmhouse_mainground";"wind_meal";"windmill"
"farmhouse";"farmhouse_mainground";"barnhouse_door_9";"door"
"farmhouse";"farmhouse_mainground";"treehouse_11";"treehouse"
"farmhouse";"farmhouse_mainground";"stone1_33";"stone"
"farmhouse";"farmhouse_mainground";"basket_29";"basket"
"farmhouse";"farmhouse_mainground";"colortree_15";"tree"
"farmhouse";"farmhouse_mainground";"power_house_9";"power house"
"farmhouse";"farmhouse_mainground";"mango_1";"mango"
"farmhouse";"farmhouse_mainground";"barnhouse_16";"barnhouse"
"farmhouse";"farmhouse_mainground";"stone3_43";"stone"
"farmhouse";"farmhouse_mainground";"tool5_26";"tool"
"farmhouse";"farmhouse_mainground";"tractor_8";"tractor"
"farmhouse";"farmhouse_mainground";"mango_2";"mango"
"farmhouse";"farmhouse_mainground";"barnhouse_door2_12";"door"
"farmhouse";"farmhouse_mainground";"Basket_man";"electrician"
"farmhouse";"farmhouse_mainground";"granary_door_01_7";"door"
"farmhouse";"farmhouse_mainground";"granary_door_6";"door"
"farmhouse";"farmhouse_mainground";"granary_door_01_8";"door"
"farmhouse";"farmhouse_mainground";"stone2_38";"stone"
"farmhouse";"farmhouse_mainground";"barnhouse1_376";"barnhouse"
"farmhouse";"farmhouse_mainground";"stone1_31";"stone"
"farmhouse";"farmhouse_mainground";"wind_meal_02_220";"windmill"
"farmhouse";"farmhouse_mainground";"stone1_34";"stone"
"farmhouse";"farmhouse_mainground";"stone2_40";"stone"
"farmhouse";"farmhouse_mainground";"stone3_42";"stone"
"farmhouse";"farmhouse_mainground";"stone2_49";"stone"
"farmhouse";"farmhouse_mainground";"stone3_50";"stone"
"farmhouse";"farmhouse_foreground";"cart_01_2";"cart"
"farmhouse";"farmhouse_foreground";"cart_01_4";"cart"
"farmhouse";"farmhouse_foreground";"vegetable_cart_3";"vegetable cart"
"farmhouse";"farmhouse_foreground";"cart_1";"cart"
"farmhouse";"granary_door";"granary_door_3";"door"
"farmhouse";"granary_door";"granary_door_01_5";"door"
"farmhouse";"granary_door";"granary_door_01_4";"door"
"farmhouse";"farmhouse_door";"farm_house_door_7";"door"
"farmhouse";"farmhouse_door";"farm_house_door_01_8";"door"
"farmhouse";"door";"granary_door_3";"door"
"farmhouse";"door";"granary_door_01_5";"door"
"farmhouse";"door";"granary_door_01_4";"door"
"farmhouse_inside";"farmhouse_inside_mainground";"sofa_small_43";"sofa"
"farmhouse_inside";"farmhouse_inside_mainground";"painting_small_39";"painting"
"farmhouse_inside";"farmhouse_inside_mainground";"right";"right"
"farmhouse_inside";"farmhouse_inside_mainground";"chair_01_49";"chair"
"farmhouse_inside";"farmhouse_inside_mainground";"tool5_13";"tool"
"farmhouse_inside";"farmhouse_inside_mainground";"floor_3";"floor"
"farmhouse_inside";"farmhouse_inside_mainground";"base_upper_1";"base_upper"
"farmhouse_inside";"farmhouse_inside_mainground";"painting_34";"painting"
"farmhouse_inside";"farmhouse_inside_mainground";"base_upper_2";"base_upper"
"farmhouse_inside";"farmhouse_inside_mainground";"floor_2";"floor"
"farmhouse_inside";"farmhouse_inside_mainground";"door_1";"door"
"farmhouse_inside";"farmhouse_inside_mainground";"base_upper_20";"base_upper"
"farmhouse_inside";"farmhouse_inside_mainground";"Hero";"hero"
"farmhouse_inside";"farmhouse_inside_mainground";"flower_27";"flower"
"farmhouse_inside";"farmhouse_inside_mainground";"small_table_01_44";"table"
"farmhouse_inside";"farmhouse_inside_mainground";"base_upper_22";"base_upper"
"farmhouse_inside";"farmhouse_inside_mainground";"cottons_38";"cotton"
"farmhouse_inside";"farmhouse_inside_mainground";"lady";"lady"
"farmhouse_inside";"farmhouse_inside_mainground";"milk_bottle_173";"milk bottle"
"farmhouse_inside";"farmhouse_inside_mainground";"stairs_19";"stairs"
"farmhouse_inside";"farmhouse_inside_mainground";"floor_1";"floor"
"farmhouse_inside";"farmhouse_inside_mainground";"light_wall_47";"light"
"farmhouse_inside";"farmhouse_inside_mainground";"fireplace_24";"fireplace"
"farmhouse_inside";"farmhouse_inside_mainground";"wall_pattern_18";"wall"
"farmhouse_inside";"farmhouse_inside_mainground";"chair_01_50";"chair"
"farmhouse_inside";"farmhouse_inside_mainground";"floor_4";"floor"
"farmhouse_inside";"farmhouse_inside_mainground";"left";"left"
"farmhouse_inside";"farmhouse_inside_mainground";"sofa_32";"sofa"
"farmhouse_inside";"farmhouse_inside_mainground";"floor_pattern_31";"floor"
"farmhouse_inside";"farmhouse_inside_mainground";"farmhouse_inside_door";"door"
"farmhouse_inside";"farmhouse_inside_mainground";"base_upper_21";"base_upper"
"farmhouse_inside";"farmhouse_inside_mainground";"bottle_28";"bottle"
"farmhouse_inside";"farmhouse_inside_mainground";"sofa_small_42";"sofa"
"farmhouse_inside";"farmhouse_inside_mainground";"sofa_33";"sofa"
"farmhouse_inside";"farmhouse_inside_mainground";"painter";"painter"
"farmhouse_inside";"farmhouse_inside_mainground";"light_26";"light"
"farmhouse_inside";"farmhouse_inside_mainground";"painting_small_40";"painting"
"farmhouse_inside";"farmhouse_inside_mainground";"window_36";"window"
"farmhouse_inside";"farmhouse_inside_mainground";"wall_pattern_17";"wall"
"farmhouse_inside";"farmhouse_inside_mainground";"lamp_30";"lamp"
"farmhouse_inside";"farmhouse_inside_mainground";"big_table_01_48";"table"
"farmhouse_inside";"farmhouse_inside_mainground";"light_wall_46";"light"
"farmhouse_inside";"farmhouse_inside_mainground";"lamp_29";"lamp"
"farmhouse_inside";"farmhouse_inside_mainground";"painting_small_01_41";"painting"
"farmhouse_inside";"farmhouse_inside_mainground";"base_upper_3";"base_upper"
"farmhouse_inside";"farmhouse_inside_mainground";"painting_35";"painting"
"farmhouse_inside";"farmhouse_inside_mainground";"base_upper_23";"base_upper"
"farmhouse_inside";"farmhouse_inside_mainground";"cottons_37";"cotton"
"farmhouse_inside";"farmhouse_inside_mainground";"big_table_25";"table"
"farmhouse_inside";"farmhouse_inside_foreground";"chair_2";"chair"
"farmhouse_inside";"farmhouse_inside_foreground";"small_table_3";"table"
"farmhouse_inside";"farmhouse_inside";"foreground";"foreground"
"farmhouse_inside";"farmhouse_inside";"mainground";"mainground"
"farmhouse_inside";"door";"Sprite_1";"sprite"
"barn_house";"barn_house_foreground";"cart_2";"cart"
"barn_house";"barn_house_foreground";"cart1_1";"cart"
"barn_house";"barn_house_mainground";"tool2_10";"tool"
"barn_house";"barn_house_mainground";"right";"right"
"barn_house";"barn_house_mainground";"grass_16";"grass"
"barn_house";"barn_house_mainground";"flower_27";"flower"
"barn_house";"barn_house_mainground";"mango_3";"mango"
"barn_house";"barn_house_mainground";"floor_3";"floor"
"barn_house";"barn_house_mainground";"base_upper_8";"base_upper"
"barn_house";"barn_house_mainground";"tool1_11";"tool"
"barn_house";"barn_house_mainground";"floor_2";"floor"
"barn_house";"barn_house_mainground";"tiles_4";"tiles"
"barn_house";"barn_house_mainground";"waterdesk_3";"water"
"barn_house";"barn_house_mainground";"grass_14";"grass"
"barn_house";"barn_house_mainground";"Hero";"hero"
"barn_house";"barn_house_mainground";"worker";"worker"
"barn_house";"barn_house_mainground";"grass_18";"grass"
"barn_house";"barn_house_mainground";"grass_20";"grass"
"barn_house";"barn_house_mainground";"grass_19";"grass"
"barn_house";"barn_house_mainground";"grass_square_11";"hay"
"barn_house";"barn_house_mainground";"floor_1";"floor"
"barn_house";"barn_house_mainground";"tool5_13";"tool"
"barn_house";"barn_house_mainground";"floor_28";"floor"
"barn_house";"barn_house_mainground";"floor_29";"floor"
"barn_house";"barn_house_mainground";"left";"left"
"barn_house";"barn_house_mainground";"grass_15";"grass"
"barn_house";"barn_house_mainground";"grass_square_9";"hay"
"barn_house";"barn_house_mainground";"mechanic";"mechanic"
"barn_house";"barn_house_mainground";"grass_17";"grass"
"barn_house";"barn_house_mainground";"grass_22";"grass"
"barn_house";"barn_house_mainground";"cabin_animal_8";"animal"
"barn_house";"barn_house_mainground";"bucket_27";"bucket"
"barn_house";"barn_house_mainground";"cabin_animal_7";"animal"
"barn_house";"barn_house_mainground";"barn_house_door";"door"
"barn_house";"barn_house_mainground";"grass_square_5";"hay"
"barn_house";"barn_house_mainground";"grass_desk_1";"hay"
"barn_house";"barn_house_mainground";"floor_30";"floor"
"barn_house";"barn_house_mainground";"tiles_6";"tiles"
"barn_house";"barn_house_mainground";"grass_square_4";"hay"
"barn_house";"barn_house_mainground";"tool4_12";"tool"
"barn_house";"barn_house_mainground";"doghouse_2";"doghouse"
"barn_house";"barn_house_mainground";"tiles_5";"tiles"
"barn_house";"barn_house_mainground";"grass_square_6";"hay"
"barn_house";"barn_house_mainground";"grass_square_10";"hay"
"barn_house";"barn_house_mainground";"tool3_9";"tool"
"barn_house";"barn_house_mainground";"grass_21";"grass"
"barn_house";"barn_door";"Sprite_4";"sprite"
"barn_house";"barn_house";"foreground";"foreground"
"barn_house";"barn_house";"mainground";"mainground"
